latitude,longitude,date,died,injured,weather,day_part,accident_type
41.2776,69.207,2020-01-01 03:00:00,0,2,,tun,to'qnashuv
41.3827,69.2165,2020-01-01 14:00:00,0,3,,kunduz,turgan TVga urilish
41.3489,69.1767,2020-01-02 16:20:00,0,1,,kunduz,piyodani urib yuborish
41.3076,69.1617,2020-01-02 20:00:00,0,2,,kech,to'qnashuv
41.3548,69.3458,2020-01-05 18:30:00,0,1,,kunduz,piyodani urib yuborish
41.356,69.239,2020-01-05 19:30:00,0,1,,kech,piyodani urib yuborish
41.3697,69.2153,2020-01-08 14:00:00,1,1,,kunduz,to'siqqa urilish
41.2802,69.3061,2020-01-09 23:30:00,1,0,,kech,piyodani urib yuborish
41.3115,69.2405,2020-01-10 00:15:00,2,2,,,turgan TVga urilish
41.3273,69.337,2020-01-10 16:50:00,0,1,,kunduz,piyodani urib yuborish
41.2785,69.361,2020-01-11 23:50:00,1,0,,kech,piyodani urib yuborish
41.2696,69.1732,2020-01-11 16:30:00,0,1,,kunduz,piyodani urib yuborish
41.2381,69.3303,2020-01-11 12:00:00,0,1,,tong,piyodani urib yuborish
41.3838,69.3005,2020-01-13 02:10:00,0,1,,tun,piyodani urib yuborish
41.2728,69.2126,2020-01-13 09:45:00,0,1,,tong,to'qnashuv
41.283,69.2508,2020-01-14 17:00:00,0,1,,kunduz,piyodani urib yuborish
41.3717,69.1921,2020-01-14 17:25:00,0,1,,kunduz,piyodani urib yuborish
41.238,69.3303,2020-01-15 14:00:00,0,2,,kunduz,piyodani urib yuborish
41.2681,69.1472,2020-01-15 01:55:00,1,0,,tun,piyodani urib yuborish
41.274,69.2047,2020-01-15 00:10:00,1,6,,,to'qnashuv
41.2864,69.186,2020-01-15 00:01:00,0,6,,,turgan TVga urilish
41.2263,69.189,2020-01-16 10:10:00,0,1,,tong,to'siqqa urilish
41.3332,69.236,2020-01-17 14:00:00,0,1,,kunduz,piyodani urib yuborish
41.3367,69.3533,2020-01-17 09:45:00,0,1,,tong,piyodani urib yuborish
41.3332,69.236,2020-01-17 17:00:00,0,1,,kunduz,piyodani urib yuborish
41.2816,69.2397,2020-01-17 10:30:00,0,1,,tong,piyodani urib yuborish
41.2851,69.176,2020-01-18 17:00:00,0,1,,kunduz,to'qnashuv
41.2843,69.3486,2020-01-18 13:55:00,0,1,,kunduz,piyodani urib yuborish
41.3486,69.2874,2020-01-19 14:10:00,0,1,,kunduz,to'qnashuv
41.3147,69.295,2020-01-19 10:40:00,0,1,,tong,piyodani urib yuborish
41.3139,69.2864,2020-01-19 23:50:00,0,1,,kech,to'qnashuv
41.2256,69.2205,2020-01-20 11:30:00,0,1,,tong,to'siqqa urilish
41.2817,69.1804,2020-01-20 14:50:00,0,2,,kunduz,to'qnashuv
41.2645,69.1984,2020-01-20 20:00:00,0,1,,kech,piyodani urib yuborish
41.3011,69.1726,2020-01-21 09:00:00,0,1,,tong,piyodani urib yuborish
41.2702,69.1745,2020-01-21 10:20:00,0,1,,tong,piyodani urib yuborish
41.2724,69.193,2020-01-22 05:40:00,0,2,,tun,YTHning boshqa turlari
41.3774,69.3094,2020-01-22 19:00:00,0,1,,kech,piyodani urib yuborish
41.301,69.2898,2020-01-23 19:00:00,0,1,,kech,piyodani urib yuborish
41.348,69.194,2020-01-24 10:50:00,0,2,,tong,to'qnashuv
41.2333,69.3347,2020-01-25 23:50:00,0,2,,kech,to'siqqa urilish
41.277,69.3723,2020-01-25 17:35:00,0,2,,kunduz,piyodani urib yuborish
41.276,69.2027,2020-01-25 13:30:00,0,1,,kunduz,to'qnashuv
41.2045,69.2574,2020-01-25 18:15:00,1,3,,kunduz,to'qnashuv
41.3443,69.3825,2020-01-27 14:15:00,0,1,,kunduz,piyodani urib yuborish
41.3574,69.2359,2020-01-28 06:30:00,0,1,,tun,piyodani urib yuborish
41.3625,69.2889,2020-01-28 10:00:00,0,1,,tong,to'qnashuv
41.2908,69.2511,2020-01-30 01:00:00,0,1,,tun,piyodani urib yuborish
41.3667,69.2922,2020-01-30 08:45:00,0,1,,tong,piyodani urib yuborish
41.37,69.3112,2020-01-31 19:30:00,0,3,,kech,to'qnashuv
41.2414,69.336,2020-01-31 20:02:00,0,1,,kech,piyodani urib yuborish
41.2245,69.2214,2020-01-31 18:00:00,0,1,,kunduz,piyodani urib yuborish
41.2952,69.1761,2020-01-31 19:00:00,0,1,,kech,piyodani urib yuborish
41.3266,69.2829,2020-02-01 13:55:00,0,1,,kunduz,piyodani urib yuborish
41.2565,69.2025,2020-02-03 14:45:00,0,1,,kunduz,piyodani urib yuborish
41.3106,69.3346,2020-02-03 15:00:00,0,1,,kunduz,piyodani urib yuborish
41.3263,69.3261,2020-02-04 20:00:00,0,2,,kech,to'qnashuv
41.3737,69.3079,2020-02-04 19:30:00,0,1,,kech,piyodani urib yuborish
41.2554,69.1908,2020-02-04 15:00:00,0,1,,kunduz,piyodani urib yuborish
41.271,69.1672,2020-02-05 17:00:00,0,1,,kunduz,piyodani urib yuborish
41.2784,69.2449,2020-02-05 09:30:00,0,1,,tong,piyodani urib yuborish
41.283,69.1793,2020-02-05 15:50:00,1,2,,kunduz,to'qnashuv
41.2781,69.2455,2020-02-06 03:40:00,0,2,,tun,to'qnashuv
41.2855,69.2332,2020-02-06 00:35:00,1,3,,,to'qnashuv
41.3618,69.1827,2020-02-07 10:15:00,0,2,,tong,piyodani urib yuborish
41.2081,69.2551,2020-02-07 13:30:00,0,1,,kunduz,piyodani urib yuborish
41.2847,69.3046,2020-02-08 12:20:00,0,1,,tong,piyodani urib yuborish
41.2449,69.175,2020-02-08 14:00:00,0,1,,kunduz,piyodani urib yuborish
41.3626,69.2721,2020-02-09 19:05:00,0,1,,kech,piyodani urib yuborish
41.3632,69.2982,2020-02-11 15:50:00,0,2,,kunduz,to'qnashuv
41.3295,69.3465,2020-02-11 11:30:00,0,1,,tong,to'qnashuv
41.3056,69.1525,2020-02-11 22:11:00,0,1,,kech,piyodani urib yuborish
41.3218,69.3215,2020-02-12 17:05:00,0,1,,kunduz,piyodani urib yuborish
41.3478,69.1998,2020-02-13 15:15:00,0,1,,kunduz,piyodani urib yuborish
41.2738,69.3106,2020-02-13 20:55:00,0,1,,kech,piyodani urib yuborish
41.3419,69.3014,2020-02-13 19:50:00,0,1,,kech,piyodani urib yuborish
41.293,69.2041,2020-02-14 18:00:00,0,1,,kunduz,piyodani urib yuborish
41.3056,69.1521,2020-02-14 21:00:00,0,1,,kech,turgan TVga urilish
41.2806,69.3069,2020-02-15 15:00:00,0,1,,kunduz,piyodani urib yuborish
41.245,69.3114,2020-02-15 19:00:00,0,1,,kech,piyodani urib yuborish
41.2402,69.1964,2020-02-16 07:30:00,3,3,,tong,piyodani urib yuborish
41.3312,69.3314,2020-02-17 20:57:00,0,1,,kech,piyodani urib yuborish
41.2384,69.3493,2020-02-17 07:10:00,0,1,,tong,to'siqqa urilish
41.2542,69.2,2020-02-17 08:10:00,1,0,,tong,to'qnashuv
41.2928,69.2797,2020-02-18 13:00:00,0,1,,kunduz,to'qnashuv
41.2738,69.2263,2020-02-18 22:25:00,0,1,,kech,piyodani urib yuborish
41.3146,69.1541,2020-02-19 20:10:00,0,1,,kech,piyodani urib yuborish
41.314,69.2864,2020-02-19 22:00:00,0,1,,kech,piyodani urib yuborish
41.3117,69.2079,2020-02-20 12:55:00,0,1,,tong,piyodani urib yuborish
41.3303,69.2224,2020-02-20 20:30:00,0,2,,kech,piyodani urib yuborish
41.3117,69.2079,2020-02-20 19:30:00,0,1,,kech,piyodani urib yuborish
41.2723,69.2035,2020-02-21 23:35:00,0,1,,kech,piyodani urib yuborish
41.2959,69.1485,2020-02-22 21:05:00,0,1,,kech,piyodani urib yuborish
41.2815,69.2398,2020-02-22 14:55:00,0,1,,kunduz,piyodani urib yuborish
41.3144,69.2355,2020-02-23 13:00:00,0,1,,kunduz,piyodani urib yuborish
41.3879,69.3575,2020-02-24 02:20:00,1,0,,tun,to'qnashuv
41.3161,69.2261,2020-02-24 09:00:00,0,1,,tong,piyodani urib yuborish
41.2966,69.2945,2020-02-25 07:30:00,0,1,,tong,to'qnashuv
41.2112,69.2215,2020-02-25 23:40:00,0,2,,kech,piyodani urib yuborish
41.2661,69.2321,2020-02-25 13:30:00,0,2,,kunduz,piyodani urib yuborish
41.2661,69.2321,2020-02-25 15:15:00,1,0,,kunduz,piyodani urib yuborish
41.307,69.2708,2020-02-26 22:25:00,1,1,,kech,to'siqqa urilish
41.3345,69.3085,2020-02-26 23:20:00,0,1,,kech,to'siqqa urilish
41.313,69.1822,2020-02-26 14:00:00,0,1,,kunduz,piyodani urib yuborish
41.3052,69.3088,2020-02-27 20:00:00,0,1,,kech,piyodani urib yuborish
41.3346,69.2642,2020-02-27 09:00:00,0,1,,tong,piyodani urib yuborish
41.3065,69.1624,2020-02-27 20:00:00,0,1,,kech,piyodani urib yuborish
41.3356,69.1762,2020-02-28 22:40:00,0,1,,kech,piyodani urib yuborish
41.3397,69.3353,2020-02-28 22:00:00,0,1,,kech,piyodani urib yuborish
41.3559,69.3772,2020-02-28 00:45:00,0,1,,,piyodani urib yuborish
41.2845,69.1893,2020-03-02 17:30:00,0,1,,kunduz,piyodani urib yuborish
41.2544,69.2038,2020-03-03 10:00:00,0,1,,tong,piyodani urib yuborish
41.2245,69.2209,2020-03-04 14:00:00,0,1,,kunduz,piyodani urib yuborish
41.2445,69.2591,2020-03-04 03:45:00,0,1,,tun,to'qnashuv
41.276,69.2579,2020-03-04 17:00:00,0,1,,kunduz,piyodani urib yuborish
41.2987,69.1748,2020-03-05 17:50:00,0,1,,kunduz,to'qnashuv
41.2966,69.2944,2020-03-06 02:45:00,0,2,,tun,piyodani urib yuborish
41.3775,69.302,2020-03-06 09:20:00,0,1,,tong,piyodani urib yuborish
41.344,69.3451,2020-03-06 22:42:00,0,1,,kech,to'siqqa urilish
41.2442,69.2862,2020-03-06 22:20:00,0,2,,kech,turgan TVga urilish
41.276,69.2579,2020-03-07 09:30:00,0,1,,tong,piyodani urib yuborish
41.3836,69.2903,2020-03-07 03:30:00,0,2,,tun,to'siqqa urilish
41.2496,69.3821,2020-03-07 01:00:00,0,1,,tun,turgan TVga urilish
41.2827,69.192,2020-03-07 20:00:00,1,0,,kech,piyodani urib yuborish
41.2685,69.2351,2020-03-08 11:20:00,0,1,,tong,piyodani urib yuborish
41.3512,69.2877,2020-03-08 08:40:00,0,1,,tong,piyodani urib yuborish
41.3647,69.2279,2020-03-08 17:10:00,1,0,,kunduz,piyodani urib yuborish
41.235,69.1877,2020-03-09 00:10:00,0,1,,,piyodani urib yuborish
41.2623,69.317,2020-03-09 01:15:00,0,1,,tun,to'qnashuv
41.2444,69.3045,2020-03-10 01:30:00,0,2,,tun,to'qnashuv
41.2738,69.2254,2020-03-10 20:55:00,0,1,,kech,piyodani urib yuborish
41.3067,69.2841,2020-03-10 00:20:00,1,0,,,piyodani urib yuborish
41.2775,69.1469,2020-03-11 16:45:00,0,1,,kunduz,to'qnashuv
41.3563,69.2466,2020-03-11 19:25:00,1,0,,kech,piyodani urib yuborish
41.2334,69.3345,2020-03-11 07:25:00,0,1,,tong,to'qnashuv
41.2853,69.1982,2020-03-11 12:00:00,0,1,,tong,piyodani urib yuborish
41.2444,69.2489,2020-03-12 06:30:00,2,0,,tun,to'siqqa urilish
41.2888,69.1826,2020-03-12 12:30:00,0,1,,tong,to'qnashuv
41.3323,69.2399,2020-03-13 21:00:00,0,1,,kech,piyodani urib yuborish
41.3016,69.2108,2020-03-13 12:00:00,0,1,,tong,to'qnashuv
41.3214,69.1932,2020-03-14 20:20:00,0,1,,kech,piyodani urib yuborish
41.3294,69.2297,2020-03-14 06:40:00,1,0,,tun,piyodani urib yuborish
41.2738,69.2446,2020-03-15 10:45:00,0,1,,tong,piyodani urib yuborish
41.3379,69.1644,2020-03-15 13:25:00,0,2,,kunduz,to'qnashuv
41.3048,69.2355,2020-03-16 15:30:00,0,1,,kunduz,piyodani urib yuborish
41.3256,69.1933,2020-03-16 20:00:00,0,1,,kech,piyodani urib yuborish
41.2441,69.2302,2020-03-17 17:40:00,0,1,,kunduz,piyodani urib yuborish
41.2972,69.1803,2020-03-18 22:45:00,0,2,,kech,to'qnashuv
41.3466,69.359,2020-03-19 17:45:00,0,1,,kunduz,piyodani urib yuborish
41.2197,69.2242,2020-03-19 01:45:00,0,1,,tun,turgan TVga urilish
41.2945,69.2668,2020-03-19 02:30:00,2,1,,tun,to'siqqa urilish
41.3479,69.3155,2020-03-20 13:20:00,0,2,,kunduz,to'qnashuv
41.2923,69.2252,2020-03-21 16:55:00,0,1,,kunduz,piyodani urib yuborish
41.246,69.31,2020-03-22 17:30:00,0,1,,kunduz,piyodani urib yuborish
41.2613,69.3175,2020-03-22 05:50:00,0,1,,tun,to'siqqa urilish
41.2946,69.2908,2020-03-23 16:00:00,0,2,,kunduz,to'qnashuv
41.2482,69.3914,2020-03-24 21:50:00,0,1,,kech,piyodani urib yuborish
41.2374,69.3227,2020-03-26 14:00:00,0,1,,kunduz,piyodani urib yuborish
41.2268,69.1792,2020-03-25 14:00:00,0,1,,kunduz,to'qnashuv
41.329,69.3548,2020-03-28 01:20:00,0,2,,tun,to'qnashuv
41.3013,69.194,2020-03-28 17:10:00,0,1,,kunduz,piyodani urib yuborish
41.4064,69.465,2020-03-27 23:45:00,0,2,,kech,to'qnashuv
41.272,69.2083,2020-03-28 15:50:00,0,1,,kunduz,piyodani urib yuborish
41.4065,69.4613,2020-03-28 19:45:00,0,2,,kech,to'qnashuv
41.3113,69.2816,2020-03-30 23:35:00,0,2,,kech,to'siqqa urilish
41.2141,69.2285,2020-03-31 12:00:00,0,1,,tong,piyodani urib yuborish
41.3206,69.2345,2020-03-31 20:45:00,0,1,,kech,piyodani urib yuborish
41.3294,69.2556,2020-03-31 09:00:00,0,1,,tong,YTHning boshqa turlari
41.3291,69.2049,2020-03-31 23:00:00,0,1,,kech,to'qnashuv
41.338,69.257,2020-03-31 11:00:00,0,1,,tong,to'qnashuv
41.3299,69.2366,2020-04-01 13:30:00,0,1,,kunduz,piyodani urib yuborish
41.2375,69.3289,2020-04-01 15:40:00,0,1,,kunduz,piyodani urib yuborish
41.2453,69.3568,2020-04-01 07:00:00,0,1,,tong,piyodani urib yuborish
41.3592,69.2147,2020-04-01 20:00:00,0,1,,kech,piyodani urib yuborish
41.3554,69.224,2020-04-01 18:30:00,0,1,,kunduz,piyodani urib yuborish
41.2162,69.2373,2020-04-02 20:30:00,0,1,,kech,to'qnashuv
41.3632,69.2227,2020-04-02 10:30:00,0,1,,tong,piyodani urib yuborish
41.3369,69.2605,2020-04-02 23:40:00,0,1,,kech,piyodani urib yuborish
41.35,69.2639,2020-04-03 07:00:00,0,1,,tong,piyodani urib yuborish
41.3495,69.2274,2020-04-03 12:40:00,0,1,,tong,to'qnashuv
41.3626,69.226,2020-04-03 13:00:00,0,1,,kunduz,turgan TVga urilish
41.3276,69.2272,2020-04-04 23:10:00,0,1,,kech,piyodani urib yuborish
41.36,69.1731,2020-04-04 18:00:00,0,1,,kunduz,to'qnashuv
41.2617,69.2542,2020-04-05 18:45:00,0,1,,kunduz,piyodani urib yuborish
41.2385,69.1924,2020-04-05 20:05:00,0,1,,kech,piyodani urib yuborish
41.3222,69.21,2020-04-05 19:45:00,1,2,,kech,to'qnashuv
41.3551,69.2746,2020-04-06 01:00:00,0,1,,tun,to'siqqa urilish
41.2819,69.1643,2020-04-06 13:00:00,0,1,,kunduz,piyodani urib yuborish
41.3656,69.3141,2020-04-06 12:00:00,0,1,,tong,to'qnashuv
41.3507,69.3521,2020-04-06 13:05:00,0,1,,kunduz,to'qnashuv
41.2988,69.2789,2020-04-06 10:40:00,0,1,,tong,piyodani urib yuborish
41.2762,69.3712,2020-04-07 22:35:00,0,1,,kech,to'siqqa urilish
41.3212,69.2547,2020-04-09 23:40:00,0,2,,kech,to'qnashuv
41.3598,69.2785,2020-04-10 16:05:00,0,1,,kunduz,piyodani urib yuborish
41.2883,69.1882,2020-04-12 10:30:00,0,1,,tong,to'qnashuv
41.2919,69.2236,2020-04-12 17:30:00,0,1,,kunduz,to'qnashuv
41.2766,69.2061,2020-04-12 18:35:00,0,1,,kunduz,to'siqqa urilish
41.3383,69.1644,2020-04-13 18:15:00,0,2,,kunduz,to'qnashuv
41.3396,69.3352,2020-04-13 18:00:00,0,1,,kunduz,piyodani urib yuborish
41.338,69.2241,2020-04-14 13:45:00,0,5,,kunduz,to'qnashuv
41.3327,69.2008,2020-04-15 00:23:00,1,0,,,to'siqqa urilish
41.3418,69.3427,2020-04-20 06:00:00,0,1,,tun,to'qnashuv
41.322,69.2755,2020-04-20 14:30:00,0,1,,kunduz,piyodani urib yuborish
41.2504,69.3237,2020-04-20 08:00:00,0,1,,tong,to'qnashuv
41.2293,69.2038,2020-04-20 11:00:00,0,1,,tong,to'qnashuv
41.3538,69.2677,2020-04-21 08:00:00,0,17,,tong,to'siqqa urilish
41.3512,69.2879,2020-04-21 15:00:00,0,1,,kunduz,to'qnashuv
41.2889,69.3533,2020-04-21 08:20:00,0,1,,tong,piyodani urib yuborish
41.2673,69.3145,2020-04-21 20:20:00,0,1,,kech,piyodani urib yuborish
41.2866,69.3415,2020-04-21 15:30:00,0,1,,kunduz,piyodani urib yuborish
41.2623,69.317,2020-04-21 21:30:00,0,1,,kech,piyodani urib yuborish
41.2615,69.2545,2020-04-26 18:45:00,0,1,,kunduz,piyodani urib yuborish
41.2748,69.2417,2020-04-26 10:00:00,0,1,,tong,to'siqqa urilish
41.3074,69.2696,2020-04-26 18:00:00,0,1,,kunduz,piyodani urib yuborish
41.2654,69.3557,2020-04-26 12:00:00,0,1,,tong,piyodani urib yuborish
41.3059,69.3395,2020-04-26 06:20:00,0,1,,tun,to'qnashuv
41.2997,69.3476,2020-04-26 11:17:00,1,0,,tong,piyodani urib yuborish
41.2977,69.3375,2020-04-26 17:05:00,0,1,,kunduz,piyodani urib yuborish
41.2445,69.2552,2020-04-27 14:00:00,0,1,,kunduz,piyodani urib yuborish
41.277,69.3615,2020-04-27 12:30:00,0,1,,tong,piyodani urib yuborish
41.2375,69.3289,2020-04-27 08:40:00,0,1,,tong,piyodani urib yuborish
41.2935,69.3365,2020-04-27 15:30:00,0,1,,kunduz,piyodani urib yuborish
41.2469,69.3225,2020-04-28 20:10:00,0,2,,kech,turgan TVga urilish
41.3512,69.2879,2020-04-30 15:30:00,0,2,,kunduz,to'qnashuv
41.2161,69.2351,2020-04-30 23:00:00,0,1,,kech,to'siqqa urilish
41.2286,69.2031,2020-04-30 23:45:00,0,2,,kech,to'qnashuv
41.3378,69.2226,2020-05-01 21:00:00,0,1,,kech,piyodani urib yuborish
41.3484,69.2407,2020-05-02 15:08:00,1,0,,kunduz,piyodani urib yuborish
41.2375,69.3205,2020-05-04 21:40:00,0,1,,kech,piyodani urib yuborish
41.3924,69.2696,2020-05-04 22:30:00,0,1,,kech,piyodani urib yuborish
41.2869,69.3375,2020-05-06 10:30:00,0,1,,tong,velosipedchini urib yuborish
41.2988,69.2732,2020-05-07 22:55:00,0,1,,kech,velosipedchini urib yuborish
41.2682,69.2666,2020-05-10 23:55:00,1,0,,kech,to'qnashuv
41.3414,69.2322,2020-05-15 23:00:00,0,1,,kech,to'siqqa urilish
41.2932,69.2241,2020-05-20 18:00:00,0,1,,kunduz,piyodani urib yuborish
41.2433,69.2175,2020-05-20 16:00:00,0,1,,kunduz,to'siqqa urilish
41.2511,69.3016,2020-05-20 12:50:00,0,1,,tong,piyodani urib yuborish
41.3512,69.2879,2020-05-20 17:00:00,0,1,,kunduz,to'qnashuv
41.2444,69.3008,2020-05-20 00:05:00,1,0,,,piyodani urib yuborish
41.2748,69.1912,2020-05-21 00:55:00,0,1,,,piyodani urib yuborish
41.2909,69.3355,2020-05-21 21:00:00,0,1,,kech,piyodani urib yuborish
41.3241,69.1612,2020-05-21 12:30:00,0,3,,tong,to'qnashuv
41.2666,69.3431,2020-05-23 15:15:00,1,0,,kunduz,to'qnashuv
41.2666,69.3431,2020-05-23 19:30:00,0,1,,kech,piyodani urib yuborish
41.3043,69.165,2020-05-24 20:30:00,0,1,,kech,piyodani urib yuborish
41.3713,69.3069,2020-05-25 20:30:00,0,1,,kech,piyodani urib yuborish
41.2444,69.2564,2020-05-26 20:46:00,0,3,,kech,to'qnashuv
41.2378,69.3313,2020-05-28 17:30:00,0,1,,kunduz,piyodani urib yuborish
41.3392,69.2076,2020-05-29 20:45:00,0,1,,kech,to'qnashuv
41.2855,69.2534,2020-05-31 10:30:00,0,1,,tong,piyodani urib yuborish
41.3512,69.2879,2020-05-31 15:30:00,0,2,,kunduz,to'qnashuv
41.2759,69.2937,2020-05-31 12:10:00,0,1,,tong,piyodani urib yuborish
41.2921,69.2232,2020-05-31 18:30:00,0,1,,kunduz,to'qnashuv
41.2861,69.3602,2020-06-04 00:25:00,0,1,,,piyodani urib yuborish
41.3512,69.2877,2020-06-05 10:10:00,0,1,,tong,piyodani urib yuborish
41.258,69.3192,2020-06-05 21:30:00,0,1,,kech,piyodani urib yuborish
41.3074,69.3016,2020-06-06 00:50:00,1,2,,,to'siqqa urilish
41.3035,69.1517,2020-06-06 20:04:00,0,1,,kech,to'qnashuv
41.3424,69.1773,2020-06-06 19:00:00,0,1,,kech,to'qnashuv
41.2904,69.1498,2020-06-06 15:15:00,0,1,,kunduz,to'qnashuv
41.2375,69.329,2020-06-07 03:05:00,1,0,,tun,piyodani urib yuborish
41.3301,69.3137,2020-06-09 10:09:00,0,2,,tong,turgan TVga urilish
41.3052,69.2656,2020-06-10 10:20:00,0,2,,tong,to'qnashuv
41.2741,69.293,2020-06-10 15:30:00,0,1,,kunduz,to'qnashuv
41.299,69.3428,2020-06-11 13:00:00,0,1,,kunduz,velosipedchini urib yuborish
41.3351,69.2789,2020-06-11 23:50:00,0,1,,kech,piyodani urib yuborish
41.2657,69.1607,2020-06-16 16:00:00,0,1,,kunduz,piyodani urib yuborish
41.3332,69.2839,2020-06-17 16:00:00,0,1,,kunduz,piyodani urib yuborish
41.3924,69.2551,2020-06-17 04:00:00,0,1,,tun,to'siqqa urilish
41.3157,69.3159,2020-06-18 11:30:00,0,1,,tong,piyodani urib yuborish
41.3481,69.2521,2020-06-18 19:30:00,0,1,,kech,piyodani urib yuborish
41.3353,69.1643,2020-06-18 06:00:00,2,0,,tun,YTHning boshqa turlari
41.3753,69.2973,2020-06-19 20:00:00,0,2,,kech,piyodani urib yuborish
41.3386,69.1952,2020-06-19 12:30:00,0,1,,tong,piyodani urib yuborish
41.3087,69.1657,2020-06-20 23:20:00,0,1,,kech,to'qnashuv
41.361,69.2098,2020-06-20 21:20:00,0,1,,kech,YTHning boshqa turlari
41.2851,69.1489,2020-06-23 11:05:00,1,0,,tong,piyodani urib yuborish
41.3359,69.1763,2020-06-23 18:00:00,0,1,,kunduz,piyodani urib yuborish
41.3347,69.3088,2020-06-26 05:15:00,1,0,,tun,to'qnashuv
41.331,69.2215,2020-06-26 22:15:00,0,1,,kech,piyodani urib yuborish
41.3449,69.2376,2020-06-27 22:40:00,0,1,,kech,piyodani urib yuborish
41.3298,69.259,2020-06-28 21:11:00,1,0,,kech,piyodani urib yuborish
41.2744,69.2046,2020-06-29 15:00:00,0,1,,kunduz,piyodani urib yuborish
41.2928,69.2797,2020-06-30 18:10:00,0,3,,kunduz,to'qnashuv
41.3058,69.2776,2020-06-30 13:00:00,0,2,,kunduz,piyodani urib yuborish
41.2026,69.2144,2020-06-30 19:35:00,0,1,,kech,to'qnashuv
41.3384,69.2251,2020-06-30 12:30:00,0,1,,tong,ag'darilish
41.3579,69.237,2020-06-30 13:30:00,0,1,,kunduz,piyodani urib yuborish
41.3113,69.153,2020-07-01 12:30:00,0,1,,tong,piyodani urib yuborish
41.3271,69.3358,2020-07-01 20:20:00,0,1,,kech,to'qnashuv
41.2818,69.1805,2020-07-01 23:30:00,0,1,,kech,piyodani urib yuborish
41.3362,69.3542,2020-07-01 09:30:00,0,1,,tong,to'qnashuv
41.3389,69.1752,2020-07-02 23:00:00,0,1,,kech,piyodani urib yuborish
41.3209,69.1689,2020-07-02 12:25:00,1,0,,tong,piyodani urib yuborish
41.3523,69.35,2020-07-03 23:06:00,0,1,,kech,piyodani urib yuborish
41.2416,69.3284,2020-07-04 21:00:00,0,2,,kech,velosipedchini urib yuborish
41.3388,69.2257,2020-07-05 10:00:00,0,1,,tong,to'qnashuv
41.274,69.1875,2020-07-06 09:00:00,0,1,,tong,piyodani urib yuborish
41.285,69.1761,2020-07-06 18:30:00,0,1,,kunduz,piyodani urib yuborish
41.2411,69.1668,2020-07-07 09:00:00,1,0,,tong,piyodani urib yuborish
41.2997,69.3471,2020-07-07 01:47:00,1,0,,tun,to'qnashuv
41.2644,69.3169,2020-07-08 12:05:00,0,1,,tong,piyodani urib yuborish
41.3275,69.2342,2020-07-08 06:00:00,0,1,,tun,piyodani urib yuborish
41.2871,69.2066,2020-07-09 20:00:00,0,1,,kech,to'qnashuv
41.3196,69.2689,2020-07-09 08:00:00,0,1,,tong,piyodani urib yuborish
41.2307,69.2055,2020-07-10 11:00:00,0,1,,tong,piyodani urib yuborish
41.3363,69.222,2020-07-10 19:30:00,0,1,,kech,to'siqqa urilish
41.2921,69.2234,2020-07-10 16:15:00,0,1,,kunduz,to'qnashuv
41.2447,69.1659,2020-07-10 15:15:00,0,1,,kunduz,piyodani urib yuborish
41.2133,69.2083,2020-07-10 13:00:00,0,1,,kunduz,to'qnashuv
41.211,69.3341,2020-07-10 09:30:00,0,1,,tong,piyodani urib yuborish
41.3216,69.1932,2020-07-10 09:00:00,0,1,,tong,piyodani urib yuborish
41.2899,69.2683,2020-07-10 00:15:00,0,1,,,piyodani urib yuborish
41.2867,69.2058,2020-07-10 10:25:00,0,1,,tong,piyodani urib yuborish
41.3459,69.3419,2020-07-10 23:00:00,0,3,,kech,to'qnashuv
41.2995,69.2308,2020-07-11 07:30:00,1,0,,tong,to'siqqa urilish
41.2929,69.1584,2020-07-11 16:00:00,0,1,,kunduz,to'qnashuv
41.3693,69.3093,2020-07-12 17:30:00,0,1,,kunduz,piyodani urib yuborish
41.3196,69.3597,2020-07-13 23:30:00,0,1,,kech,to'qnashuv
41.3474,69.3608,2020-07-13 12:10:00,0,1,,tong,piyodani urib yuborish
41.2739,69.2846,2020-07-13 20:30:00,0,1,,kech,to'qnashuv
41.2765,69.1533,2020-07-13 20:15:00,0,1,,kech,to'qnashuv
41.2714,69.3509,2020-07-13 08:30:00,0,1,,tong,YTHning boshqa turlari
41.2609,69.2264,2020-07-14 17:30:00,0,1,,kunduz,to'qnashuv
41.228,69.219,2020-07-14 02:15:00,0,1,,tun,piyodani urib yuborish
41.2923,69.2227,2020-07-15 12:00:00,0,1,,tong,piyodani urib yuborish
41.2837,69.2243,2020-07-15 12:00:00,0,1,,tong,piyodani urib yuborish
41.2728,69.2395,2020-07-15 18:00:00,1,0,,kunduz,piyodani urib yuborish
41.3538,69.2419,2020-07-15 20:00:00,0,1,,kech,to'qnashuv
41.314,69.2863,2020-07-16 20:04:00,0,1,,kech,to'qnashuv
41.2375,69.3291,2020-07-16 11:30:00,0,1,,tong,piyodani urib yuborish
41.3416,69.1651,2020-07-16 17:00:00,0,1,,kunduz,piyodani urib yuborish
41.3344,69.3685,2020-07-16 17:05:00,0,1,,kunduz,piyodani urib yuborish
41.2407,69.216,2020-07-17 22:00:00,0,1,,kech,piyodani urib yuborish
41.2938,69.2353,2020-07-17 02:00:00,0,1,,tun,piyodani urib yuborish
41.3321,69.2001,2020-07-18 10:56:00,0,1,,tong,to'qnashuv
41.3729,69.2929,2020-07-18 18:50:00,0,1,,kunduz,piyodani urib yuborish
41.3646,69.2147,2020-07-19 12:44:00,1,0,,tong,piyodani urib yuborish
41.3424,69.3659,2020-07-21 16:00:00,0,1,,kunduz,to'qnashuv
41.3292,69.3474,2020-07-23 21:00:00,0,4,,kech,to'qnashuv
41.2672,69.3669,2020-07-23 13:00:00,1,0,,kunduz,velosipedchini urib yuborish
41.3444,69.3628,2020-07-24 17:00:00,0,1,,kunduz,velosipedchini urib yuborish
41.2991,69.1983,2020-07-25 15:30:00,0,1,,kunduz,piyodani urib yuborish
41.2983,69.174,2020-07-25 22:00:00,1,0,,kech,piyodani urib yuborish
41.2986,69.1982,2020-07-25 21:00:00,0,1,,kech,piyodani urib yuborish
41.3979,69.2506,2020-07-27 09:30:00,1,0,,tong,to'qnashuv
41.3347,69.3112,2020-07-28 20:20:00,1,1,,kech,piyodani urib yuborish
41.3468,69.2018,2020-07-29 23:45:00,1,0,,kech,piyodani urib yuborish
41.3536,69.3554,2020-07-30 11:00:00,0,1,,tong,piyodani urib yuborish
41.3398,69.3701,2020-07-31 15:56:00,0,1,,kunduz,to'siqqa urilish
41.3079,69.2739,2020-07-30 20:46:00,1,0,,kech,piyodani urib yuborish
41.3638,69.287,2020-08-29 12:30:00,0,2,,tong,piyodani urib yuborish
41.3981,69.2443,2020-08-29 20:00:00,0,2,,kech,to'qnashuv
41.2408,69.2061,2020-08-30 18:30:00,0,1,,kunduz,YTHning boshqa turlari
41.3626,69.2257,2020-08-31 08:30:00,0,1,,tong,velosipedchini urib yuborish
41.3723,69.2371,2020-08-31 17:00:00,0,1,,kunduz,velosipedchini urib yuborish
41.2379,69.3213,2020-08-31 23:29:00,0,1,,kech,to'qnashuv
41.2861,69.3464,2020-08-31 15:55:00,0,1,,kunduz,piyodani urib yuborish
41.3694,69.2803,2020-08-31 19:00:00,0,1,,kech,to'qnashuv
41.3298,69.2466,2020-08-31 19:00:00,0,1,,kech,piyodani urib yuborish
41.2946,69.2902,2020-08-31 04:00:00,0,1,,tun,to'qnashuv
41.3249,69.2648,2021-01-07 19:00:00,1,1,,kech,to'qnashuv
41.3152,69.1935,2021-01-08 10:25:00,1,0,,tong,piyodani urib yuborish
41.2135,69.2289,2021-01-08 21:33:00,1,0,,kech,piyodani urib yuborish
41.3139,69.2862,2021-01-11 15:00:00,1,0,,kunduz,piyodani urib yuborish
41.2809,69.1948,2021-01-15 00:30:00,0,1,,,to'qnashuv
41.3497,69.3204,2021-01-16 21:55:00,0,1,,kech,to'qnashuv
41.3148,69.1543,2021-01-16 21:55:00,0,1,,kech,to'qnashuv
41.3422,69.3608,2021-01-16 21:55:00,0,1,,kech,to'qnashuv
41.3485,69.3497,2021-01-16 21:55:00,0,1,,kech,piyodani urib yuborish
41.3012,69.2811,2021-01-18 21:00:00,0,1,,kech,to'qnashuv
41.202,69.2487,2021-01-19 14:30:00,0,1,,kunduz,piyodani urib yuborish
41.3558,69.3774,2021-01-20 23:12:00,2,2,,kech,to'qnashuv
41.3381,69.257,2021-01-20 23:00:00,0,1,,kech,to'qnashuv
41.3391,69.2071,2021-01-21 13:00:00,1,3,,kunduz,piyodani urib yuborish
41.2183,69.252,2021-01-21 07:45:00,0,1,,tong,piyodani urib yuborish
41.3082,69.2862,2021-01-21 17:50:00,0,1,,kunduz,piyodani urib yuborish
41.3542,69.3015,2021-01-22 19:00:00,0,1,,kech,piyodani urib yuborish
41.3425,69.2303,2021-01-22 21:30:00,0,1,,kech,to'qnashuv
41.219,69.2236,2021-01-22 19:55:00,0,1,,kech,piyodani urib yuborish
41.2855,69.2334,2021-01-23 23:00:00,1,1,,kech,to'qnashuv
41.3496,69.2141,2021-01-27 10:40:00,1,0,,tong,piyodani urib yuborish
41.2812,69.2574,2021-02-01 22:26:00,1,0,,kech,piyodani urib yuborish
41.332,69.2191,2021-02-02 02:00:00,0,1,,tun,to'qnashuv
41.3286,69.2745,2021-02-02 09:00:00,0,1,,tong,to'qnashuv
41.2845,69.292,2021-02-03 07:35:00,0,1,,tong,piyodani urib yuborish
41.3548,69.3623,2021-02-03 11:32:00,0,1,,tong,piyodani urib yuborish
41.3742,69.3057,2021-02-03 11:02:00,0,1,,tong,piyodani urib yuborish
41.3694,69.2404,2021-02-03 19:26:00,0,1,,kech,turgan TVga urilish
41.2172,69.2185,2021-02-03 09:30:00,0,1,,tong,piyodani urib yuborish
41.2424,69.3369,2021-02-03 20:25:00,0,1,,kech,piyodani urib yuborish
41.3087,69.1653,2021-02-04 18:30:00,0,1,,kunduz,piyodani urib yuborish
41.3436,69.2187,2021-02-04 04:00:00,0,1,,tun,to'qnashuv
41.3617,69.1868,2021-02-04 12:00:00,0,1,,tong,to'siqqa urilish
41.2875,69.3598,2021-02-04 22:00:00,0,1,,kech,piyodani urib yuborish
41.3167,69.2297,2021-02-04 14:20:00,0,2,,kunduz,piyodani urib yuborish
41.3287,69.1963,2021-02-09 13:30:00,0,1,,kunduz,to'qnashuv
41.3193,69.2983,2021-02-09 09:20:00,0,2,,tong,to'qnashuv
41.322,69.2435,2021-02-09 15:18:00,0,1,,kunduz,turgan TVga urilish
41.2559,69.3818,2021-02-09 20:42:00,0,1,,kech,piyodani urib yuborish
41.256,69.1555,2021-02-10 06:00:00,0,1,,tun,piyodani urib yuborish
41.2575,69.2102,2021-02-10 23:30:00,0,1,,kech,piyodani urib yuborish
41.319,69.2278,2021-02-10 17:00:00,0,1,,kunduz,piyodani urib yuborish
41.2644,69.2359,2021-02-10 16:00:00,0,1,,kunduz,to'qnashuv
41.3614,69.2811,2021-02-11 11:40:00,0,1,,tong,piyodani urib yuborish
41.2126,69.2382,2021-02-11 12:03:00,0,1,,tong,piyodani urib yuborish
41.3525,69.3861,2021-02-12 22:58:00,0,1,,kech,piyodani urib yuborish
41.3171,69.3165,2021-02-12 09:28:00,0,1,,tong,YTHning boshqa turlari
41.3441,69.2078,2021-02-12 21:19:00,0,1,,kech,piyodani urib yuborish
41.3185,69.2614,2021-02-13 16:45:00,0,1,,kunduz,piyodani urib yuborish
41.2762,69.1728,2021-02-13 11:00:00,0,1,,tong,piyodani urib yuborish
41.3635,69.2803,2021-02-14 11:00:00,0,1,,tong,piyodani urib yuborish
41.2229,69.207,2021-02-14 09:30:00,0,1,,tong,to'qnashuv
41.1993,69.2074,2021-02-14 20:25:00,0,1,,kech,piyodani urib yuborish
41.3167,69.1909,2021-02-15 15:47:00,0,1,,kunduz,turgan TVga urilish
41.2745,69.3623,2021-02-15 15:30:00,0,1,,kunduz,piyodani urib yuborish
41.2677,69.2151,2021-02-15 09:21:00,0,1,,tong,piyodani urib yuborish
41.2847,69.2527,2021-02-15 18:40:00,0,1,,kunduz,piyodani urib yuborish
41.3156,69.3415,2021-02-15 19:00:00,0,1,,kech,to'siqqa urilish
41.3059,69.2994,2021-02-16 15:40:00,0,1,,kunduz,to'qnashuv
41.3431,69.2088,2021-02-16 09:57:00,0,2,,tong,piyodani urib yuborish
41.2833,69.1795,2021-02-16 23:20:00,2,1,,kech,to'qnashuv
41.2999,69.3026,2021-02-16 22:30:00,0,1,,kech,turgan TVga urilish
41.2351,69.2085,2021-02-17 23:12:00,0,1,,kech,piyodani urib yuborish
41.2907,69.1942,2021-02-17 20:52:00,0,1,,kech,piyodani urib yuborish
41.2825,69.2505,2021-02-17 22:29:00,0,1,,kech,piyodani urib yuborish
41.2869,69.2061,2021-02-18 11:00:00,0,1,,tong,piyodani urib yuborish
41.329,69.3547,2021-02-18 12:30:00,0,1,,tong,to'qnashuv
41.3106,69.2641,2021-02-18 09:00:00,0,1,,tong,piyodani urib yuborish
41.3405,69.2421,2021-02-18 08:28:00,0,1,,tong,to'qnashuv
41.1982,69.2133,2021-02-19 19:30:00,0,1,,kech,piyodani urib yuborish
41.3687,69.2818,2021-02-19 21:36:00,0,1,,kech,piyodani urib yuborish
41.3198,69.2336,2021-02-19 07:45:00,0,1,,tong,to'qnashuv
41.3744,69.3039,2021-02-20 15:00:00,0,1,,kunduz,to'qnashuv
41.2106,69.1954,2021-02-20 03:11:00,0,3,,tun,to'qnashuv
41.2851,69.1691,2021-02-22 17:05:00,0,1,,kunduz,to'qnashuv
41.1948,69.2158,2021-02-23 21:30:00,0,1,,kech,piyodani urib yuborish
41.3249,69.3353,2021-02-22 17:10:00,0,1,,kunduz,YTHning boshqa turlari
41.2148,69.2129,2021-02-22 17:50:00,0,1,,kunduz,to'qnashuv
41.265,69.1672,2021-02-22 21:16:00,0,1,,kech,piyodani urib yuborish
41.2821,69.2124,2021-02-24 09:27:00,0,1,,tong,to'qnashuv
41.2438,69.2246,2021-02-24 22:32:00,0,1,,kech,piyodani urib yuborish
41.3496,69.3356,2021-02-24 15:00:00,0,1,,kunduz,piyodani urib yuborish
41.3838,69.3008,2021-02-24 12:00:00,0,4,,tong,to'qnashuv
41.2995,69.2098,2021-02-24 10:47:00,0,1,,tong,piyodani urib yuborish
41.2864,69.3471,2021-02-25 19:20:00,0,1,,kech,piyodani urib yuborish
41.2724,69.193,2021-02-25 18:25:00,0,1,,kunduz,piyodani urib yuborish
41.295,69.2833,2021-02-26 19:50:00,0,1,,kech,piyodani urib yuborish
41.3575,69.3812,2021-02-26 12:58:00,0,2,,tong,piyodani urib yuborish
41.3559,69.1774,2021-02-26 10:10:00,0,1,,tong,piyodani urib yuborish
41.2442,69.3035,2021-02-27 06:02:00,0,1,,tun,piyodani urib yuborish
41.331,69.3315,2021-02-27 15:30:00,0,1,,kunduz,piyodani urib yuborish
41.3067,69.2842,2021-02-28 00:50:00,0,1,,,to'qnashuv
41.3575,69.2728,2021-02-27 11:00:00,0,1,,tong,piyodani urib yuborish
41.274,69.1875,2021-02-28 07:30:00,0,1,,tong,to'qnashuv
41.3169,69.3166,2021-02-28 16:00:00,0,1,,kunduz,to'qnashuv
41.2173,69.2188,2021-02-28 22:30:00,0,1,,kech,piyodani urib yuborish
41.3034,69.1314,2021-02-28 19:00:00,0,1,,kech,piyodani urib yuborish
41.2499,69.182,2021-05-04 06:00:11,0,2,kun ochiq,tun,to'qnashuv
41.3574,69.2159,2021-05-20 22:20:15,1,0,kun ochiq,kech,piyodani urib yuborish
41.1925,69.2086,2021-04-28 08:30:17,0,1,kun ochiq,tong,to'qnashuv
41.3809,69.2382,2021-04-28 19:00:08,0,1,kun ochiq,kech,to'qnashuv
41.3242,69.3441,2021-04-29 17:30:42,0,5,kun ochiq,kunduz,to'qnashuv
41.232,69.2064,2021-04-26 06:30:06,0,2,kun ochiq,tun,to'qnashuv
41.3675,69.2079,2021-05-31 21:30:50,1,0,kun ochiq,kech,piyodani urib yuborish
41.2553,69.1687,2021-05-24 14:35:01,0,1,kun ochiq,kunduz,piyodani urib yuborish
41.2534,69.187,2021-05-29 09:50:25,2,0,kun ochiq,tong,to'qnashuv
41.2825,69.3322,2021-04-30 12:00:42,0,1,kun ochiq,tong,to'qnashuv
41.2214,69.2194,2021-05-07 11:15:13,0,1,kun ochiq,tong,to'qnashuv
41.3261,69.2935,2021-05-06 19:40:55,0,1,kun ochiq,kech,piyodani urib yuborish
41.3467,69.2379,2021-06-01 22:40:46,1,0,kun ochiq,kech,piyodani urib yuborish
41.3062,69.1775,2021-05-07 18:30:43,0,1,kun ochiq,kunduz,piyodani urib yuborish
41.3072,69.191,2021-05-06 20:55:23,0,1,kun ochiq,kech,to'qnashuv
41.3272,69.1763,2021-05-23 16:00:58,0,3,kun ochiq,kunduz,to'qnashuv
41.3377,69.1783,2021-05-21 02:30:32,0,1,kun ochiq,tun,to'siqqa urilish
41.2633,69.1977,2021-05-24 00:15:53,0,3,kun ochiq,,ag'darilish
41.3052,69.3085,2021-05-24 07:00:05,0,5,kun ochiq,tong,to'siqqa urilish
41.3061,69.166,2021-05-24 12:30:47,0,1,kun ochiq,tong,piyodani urib yuborish
41.2824,69.255,2021-05-15 10:00:19,0,1,kun ochiq,tong,piyodani urib yuborish
41.273,69.3094,2021-05-10 11:00:43,0,1,kun ochiq,tong,piyodani urib yuborish
41.3364,69.1878,2021-05-09 13:30:38,0,1,kun ochiq,kunduz,to'qnashuv
41.3261,69.2935,2021-05-08 16:00:49,0,1,kun ochiq,kunduz,YTHning boshqa turlari
41.363,69.2987,2021-06-07 17:00:04,1,0,kun ochiq,kunduz,piyodani urib yuborish
41.2043,69.257,2021-05-07 11:15:53,0,1,kun ochiq,tong,to'qnashuv
41.2712,69.3295,2021-05-28 16:30:39,0,2,kun ochiq,kunduz,to'qnashuv
41.3339,69.2529,2021-06-05 21:45:21,1,0,kun ochiq,kech,piyodani urib yuborish
41.2808,69.2873,2021-05-13 17:45:37,0,1,kun ochiq,kunduz,to'qnashuv
41.2938,69.1731,2021-05-11 17:00:25,0,3,kun ochiq,kunduz,to'siqqa urilish
41.3009,69.2893,2021-05-11 03:30:38,0,1,kun ochiq,tun,to'qnashuv
41.2672,69.3141,2021-05-29 13:00:48,0,3,kun ochiq,kunduz,to'qnashuv
41.2222,69.3121,2021-05-30 16:00:34,0,2,kun ochiq,kunduz,YTHning boshqa turlari
41.2748,69.2049,2021-05-31 14:00:24,1,0,kun ochiq,kunduz,piyodani urib yuborish
41.2774,69.1747,2021-05-27 07:00:52,0,1,kun ochiq,tong,piyodani urib yuborish
41.3246,69.3462,2021-05-29 19:00:18,1,1,kun ochiq,kech,piyodani urib yuborish
41.3042,69.3204,2021-05-14 10:30:44,0,2,kun ochiq,tong,piyodani urib yuborish
41.3453,69.3005,2021-05-12 14:00:12,0,1,kun ochiq,kunduz,piyodani urib yuborish
41.3539,69.2385,2021-05-07 12:30:54,0,1,kun ochiq,tong,velosipedchini urib yuborish
41.2793,69.217,2021-06-02 17:00:54,0,1,kun ochiq,kunduz,piyodani urib yuborish
41.2635,69.207,2021-06-10 22:00:25,1,0,kun ochiq,kech,to'qnashuv
41.3523,69.277,2021-05-15 10:00:38,0,2,kun ochiq,tong,piyodani urib yuborish
41.3352,69.3353,2021-05-22 00:30:23,0,2,kun ochiq,,to'qnashuv
41.268,69.246,2021-06-02 17:30:41,0,1,kun ochiq,kunduz,to'qnashuv
41.2846,69.2521,2021-05-19 17:30:06,0,1,kun ochiq,kunduz,velosipedchini urib yuborish
41.2372,69.2105,2021-06-11 18:00:42,1,3,kun ochiq,kunduz,to'qnashuv
41.3634,69.1868,2021-05-29 10:04:00,0,1,kun ochiq,tong,piyodani urib yuborish
41.2849,69.2675,2021-05-31 09:30:14,0,1,kun ochiq,tong,YTHning boshqa turlari
41.3116,69.2367,2021-05-31 01:00:22,0,1,kun ochiq,tun,piyodani urib yuborish
41.3338,69.307,2021-06-07 21:00:12,0,1,kun ochiq,kech,piyodani urib yuborish
41.2651,69.2433,2021-05-18 23:17:43,0,3,kun ochiq,kech,to'qnashuv
41.3394,69.2117,2021-05-11 18:30:05,0,1,kun ochiq,kunduz,piyodani urib yuborish
41.2162,69.2262,2021-05-17 03:20:10,0,1,,tun,piyodani urib yuborish
41.2691,69.2134,2021-06-14 18:50:33,1,0,kun ochiq,kunduz,piyodani urib yuborish
41.2157,69.2291,2021-06-04 11:30:36,0,1,kun ochiq,tong,piyodani urib yuborish
41.2347,69.2165,2021-05-15 07:55:02,0,1,kun ochiq,tong,piyodani urib yuborish
41.2863,69.2396,2021-05-15 21:30:45,0,1,kun ochiq,kech,piyodani urib yuborish
41.1917,69.1935,2021-05-21 15:20:40,0,1,kun ochiq,kunduz,piyodani urib yuborish
41.2559,69.192,2021-05-29 19:55:10,0,1,kun ochiq,kech,piyodani urib yuborish
41.2252,69.2359,2021-06-09 20:00:35,0,1,kun ochiq,kech,piyodani urib yuborish
41.271,69.3046,2021-05-19 08:30:23,0,1,kun ochiq,tong,piyodani urib yuborish
41.289,69.1823,2021-05-19 22:15:17,0,1,kun ochiq,kech,piyodani urib yuborish
41.2871,69.1947,2021-06-09 20:40:25,0,1,,kech,piyodani urib yuborish
41.3557,69.3109,2021-05-17 15:20:48,0,1,kun ochiq,kunduz,piyodani urib yuborish
41.3098,69.1702,2021-05-31 19:50:59,0,5,,kech,to'siqqa urilish
41.337,69.3406,2021-05-24 21:00:04,0,1,,kech,to'qnashuv
41.1926,69.1931,2021-06-06 06:20:11,0,1,kun ochiq,tun,piyodani urib yuborish
41.2762,69.1709,2021-05-27 05:33:12,0,1,,tun,to'qnashuv
41.3012,69.1726,2021-05-25 00:20:41,0,1,,,piyodani urib yuborish
41.2871,69.2185,2021-05-19 22:30:23,0,1,kun ochiq,kech,to'qnashuv
41.2652,69.1886,2021-05-22 04:50:59,0,1,,tun,to'qnashuv
41.3734,69.3088,2021-05-21 18:20:04,0,3,kun ochiq,kunduz,to'qnashuv
41.296,69.2285,2021-06-04 11:16:04,0,6,kun ochiq,tong,to'qnashuv
41.2824,69.3053,2021-05-26 13:05:23,0,1,kun ochiq,kunduz,piyodani urib yuborish
41.3421,69.3012,2021-05-28 10:30:05,0,2,kun ochiq,tong,to'qnashuv
41.2874,69.1873,2021-05-27 20:40:08,0,1,kun ochiq,kech,piyodani urib yuborish
41.2986,69.3372,2021-05-26 17:00:01,0,1,kun ochiq,kunduz,piyodani urib yuborish
41.3797,69.229,2021-05-28 23:00:02,0,1,,kech,piyodani urib yuborish
41.2844,69.342,2021-05-29 19:05:07,0,1,kun ochiq,kech,to'siqqa urilish
41.2687,69.2137,2021-06-29 09:45:38,1,0,kun ochiq,tong,piyodani urib yuborish
41.2955,69.3292,2021-01-16 10:00:14,0,1,kun ochiq,tong,YTHning boshqa turlari
41.3148,69.2956,2021-05-29 16:11:00,0,1,kun ochiq,kunduz,piyodani urib yuborish
41.3066,69.1691,2021-05-28 17:35:20,0,5,kun ochiq,kunduz,to'qnashuv
41.2871,69.253,2021-05-27 14:00:57,0,1,kun ochiq,kunduz,piyodani urib yuborish
41.269,69.1804,2021-06-05 23:45:07,0,1,,kech,to'qnashuv
41.35,69.1851,2021-06-25 23:30:16,1,0,kun ochiq,kech,piyodani urib yuborish
41.3269,69.1894,2021-06-25 21:00:49,1,0,,kech,piyodani urib yuborish
41.2779,69.3529,2021-06-01 09:20:20,0,1,kun ochiq,tong,piyodani urib yuborish
41.2832,69.2308,2021-05-30 20:50:16,0,1,,kech,piyodani urib yuborish
41.3262,69.2331,2021-05-28 13:00:13,0,1,kun ochiq,kunduz,piyodani urib yuborish
41.2755,69.2709,2021-06-01 21:00:31,0,1,,kech,piyodani urib yuborish
41.2329,69.216,2021-05-31 07:00:12,0,1,kun ochiq,tong,piyodani urib yuborish
41.2941,69.1742,2021-05-30 18:00:35,0,1,kun ochiq,kunduz,to'qnashuv
41.3549,69.3639,2021-06-01 14:55:22,0,1,kun ochiq,kunduz,velosipedchini urib yuborish
41.2616,69.3239,2021-06-03 09:30:40,0,1,kun ochiq,tong,piyodani urib yuborish
41.2586,69.3385,2021-06-04 13:10:28,0,1,kun ochiq,kunduz,to'qnashuv
41.2402,69.335,2021-06-03 11:30:14,0,1,kun ochiq,tong,piyodani urib yuborish
41.3157,69.1542,2021-05-31 21:23:07,0,1,,kech,to'qnashuv
41.3298,69.2347,2021-06-05 18:10:03,0,1,kun ochiq,kunduz,piyodani urib yuborish
41.3557,69.2546,2021-06-02 09:00:38,0,1,kun ochiq,tong,piyodani urib yuborish
41.3383,69.3392,2021-05-30 20:00:24,0,1,,kech,to'qnashuv
41.174,69.2125,2021-06-02 11:30:26,0,1,kun ochiq,tong,piyodani urib yuborish
41.3415,69.2467,2021-06-17 07:20:53,0,1,kun ochiq,tong,to'siqqa urilish
41.2921,69.1999,2021-06-04 10:43:47,0,1,kun ochiq,tong,to'siqqa urilish
41.2235,69.2653,2021-07-03 21:30:34,1,0,,kech,piyodani urib yuborish
41.3587,69.337,2021-05-31 04:30:07,0,2,,tun,to'siqqa urilish
41.2382,69.3318,2021-07-01 09:00:26,0,1,kun ochiq,tong,piyodani urib yuborish
41.3153,69.2103,2021-06-11 22:00:12,0,1,,kech,piyodani urib yuborish
41.2476,69.3249,2021-05-22 10:50:35,0,1,kun ochiq,tong,piyodani urib yuborish
41.1847,69.2604,2021-07-03 20:00:09,0,1,,kech,velosipedchini urib yuborish
41.2428,69.3283,2021-06-05 08:40:52,0,1,kun ochiq,tong,piyodani urib yuborish
41.2838,69.3492,2021-06-05 23:00:47,0,1,,kech,to'qnashuv
41.2915,69.2115,2021-05-31 23:45:58,0,1,,kech,to'qnashuv
41.344,69.3589,2021-06-05 20:50:20,0,1,,kech,piyodani urib yuborish
41.2894,69.2017,2021-06-11 18:30:25,0,1,kun ochiq,kunduz,piyodani urib yuborish
41.2728,69.3096,2021-07-05 13:15:04,1,0,kun ochiq,kunduz,piyodani urib yuborish
41.2868,69.1825,2021-06-23 13:00:06,0,1,kun ochiq,kunduz,piyodani urib yuborish
41.3953,69.2644,2021-06-09 23:40:19,0,1,,kech,piyodani urib yuborish
41.2527,69.3064,2021-06-12 19:10:29,0,1,,kech,piyodani urib yuborish
41.3316,69.2312,2021-06-07 23:00:07,0,1,,kech,piyodani urib yuborish
41.1943,69.1961,2021-06-22 10:10:54,0,1,kun ochiq,tong,piyodani urib yuborish
41.269,69.3038,2021-06-07 17:59:08,0,1,kun ochiq,kunduz,to'qnashuv
41.2604,69.3185,2021-06-07 11:54:24,0,1,kun ochiq,tong,piyodani urib yuborish
41.3075,69.1674,2021-06-07 10:30:19,0,1,kun ochiq,tong,piyodani urib yuborish
41.2803,69.2751,2021-06-13 11:00:01,0,1,kun ochiq,tong,to'qnashuv
41.2857,69.2543,2021-06-12 09:00:26,0,1,kun ochiq,tong,piyodani urib yuborish
41.3382,69.2573,2021-06-12 19:45:13,0,1,kun ochiq,kech,to'qnashuv
41.297,69.2295,2021-07-02 17:51:50,0,1,kun ochiq,kunduz,piyodani urib yuborish
41.2101,69.2318,2021-07-07 05:20:32,1,0,kun ochiq,tun,piyodani urib yuborish
41.3301,69.2647,2021-06-10 12:07:30,0,1,kun ochiq,tong,piyodani urib yuborish
41.3122,69.1681,2021-06-08 11:41:46,0,2,kun ochiq,tong,to'siqqa urilish
41.2621,69.1643,2021-06-13 00:36:59,0,1,,,piyodani urib yuborish
41.3467,69.2012,2021-06-13 02:15:53,0,1,,tun,piyodani urib yuborish
41.3326,69.2183,2021-06-13 19:00:24,0,1,,kech,to'qnashuv
41.202,69.2134,2021-06-15 11:00:24,0,1,kun ochiq,tong,piyodani urib yuborish
41.3445,69.2295,2021-06-11 12:30:22,0,1,kun ochiq,tong,piyodani urib yuborish
41.1769,69.2353,2021-07-03 08:00:25,1,1,kun ochiq,tong,to'siqqa urilish
41.2825,69.3502,2021-06-14 13:39:37,0,1,kun ochiq,kunduz,piyodani urib yuborish
41.2951,69.2833,2021-07-13 07:40:54,1,0,kun ochiq,tong,piyodani urib yuborish
41.3451,69.2066,2021-06-14 19:33:53,0,1,,kech,to'qnashuv
41.3267,69.31,2021-07-10 21:30:13,1,0,kun ochiq,kech,piyodani urib yuborish
41.3719,69.1992,2021-06-20 21:00:49,0,1,,kech,piyodani urib yuborish
41.3358,69.2042,2021-06-14 15:00:10,0,1,kun ochiq,kunduz,piyodani urib yuborish
41.327,69.1809,2021-07-14 21:00:12,1,0,,kech,piyodani urib yuborish
41.3676,69.205,2021-06-14 14:30:40,0,1,kun ochiq,kunduz,piyodani urib yuborish
41.2524,69.3081,2021-06-16 09:30:05,0,1,kun ochiq,tong,piyodani urib yuborish
41.3207,69.3431,2021-06-15 13:30:25,0,1,kun ochiq,kunduz,to'qnashuv
41.2515,69.3871,2021-06-15 15:00:21,0,1,kun ochiq,kunduz,to'qnashuv
41.3547,69.3877,2021-06-15 11:00:21,0,1,kun ochiq,tong,piyodani urib yuborish
41.288,69.2729,2021-07-12 20:00:00,1,0,,kech,to'qnashuv
41.2443,69.3045,2021-07-04 20:38:40,0,1,,kech,piyodani urib yuborish
41.3381,69.257,2021-06-20 21:30:54,0,1,,kech,to'qnashuv
41.32,69.2263,2021-07-16 17:30:31,1,0,kun ochiq,kunduz,piyodani urib yuborish
41.2983,69.1987,2021-06-19 11:00:14,0,1,kun ochiq,tong,piyodani urib yuborish
41.2889,69.3529,2021-06-28 13:51:57,0,1,kun ochiq,kunduz,piyodani urib yuborish
41.3483,69.242,2021-06-24 22:45:20,0,1,,kech,piyodani urib yuborish
41.3365,69.3548,2021-06-29 07:00:34,0,1,kun ochiq,tong,piyodani urib yuborish
41.2909,69.2762,2021-06-23 13:00:15,0,1,kun ochiq,kunduz,piyodani urib yuborish
41.2799,69.3372,2021-07-17 08:30:27,1,0,kun ochiq,tong,piyodani urib yuborish
41.3351,69.3531,2021-06-21 10:00:07,0,1,kun ochiq,tong,to'qnashuv
41.2878,69.3602,2021-07-02 12:30:06,1,0,kun ochiq,tong,to'qnashuv
41.3685,69.2375,2021-06-23 14:30:28,0,1,kun ochiq,kunduz,piyodani urib yuborish
41.221,69.3356,2021-07-10 18:30:02,1,0,kun ochiq,kunduz,piyodani urib yuborish
41.2858,69.3604,2021-06-26 15:00:31,0,1,kun ochiq,kunduz,to'qnashuv
41.2988,69.3428,2021-07-22 00:30:21,1,0,,,piyodani urib yuborish
41.232,69.2163,2021-07-14 16:00:02,1,0,kun ochiq,kunduz,piyodani urib yuborish
41.3165,69.3166,2021-06-19 23:55:21,0,4,,kech,to'qnashuv
41.2915,69.3584,2021-06-20 13:45:57,0,1,kun ochiq,kunduz,piyodani urib yuborish
41.3419,69.3048,2021-07-01 23:30:26,1,0,,kech,piyodani urib yuborish
41.1946,69.1961,2021-07-04 21:30:52,0,2,,kech,to'qnashuv
41.3632,69.2982,2021-06-24 21:00:54,0,1,,kech,to'qnashuv
41.274,69.2039,2021-06-27 14:30:29,0,1,kun ochiq,kunduz,piyodani urib yuborish
41.3568,69.2888,2021-06-23 21:00:38,0,1,,kech,piyodani urib yuborish
41.2652,69.3155,2021-06-25 16:00:20,0,1,kun ochiq,kunduz,to'qnashuv
41.3376,69.1917,2021-06-25 08:30:48,0,2,kun ochiq,tong,to'qnashuv
41.3834,69.287,2021-07-22 22:00:41,1,0,,kech,piyodani urib yuborish
41.2086,69.3433,2021-06-30 18:05:34,0,1,kun ochiq,kunduz,to'qnashuv
41.1964,69.3284,2021-06-26 21:50:56,0,1,,kech,to'qnashuv
41.238,69.33,2021-06-25 13:30:27,0,1,kun ochiq,kunduz,piyodani urib yuborish
41.1976,69.2368,2021-06-25 14:30:56,0,1,kun ochiq,kunduz,to'qnashuv
41.3247,69.2402,2021-06-26 22:30:26,0,2,,kech,piyodani urib yuborish
41.326,69.2459,2021-07-23 14:15:02,1,0,kun ochiq,kunduz,piyodani urib yuborish
41.3696,69.3106,2021-07-26 18:30:09,1,0,kun ochiq,kunduz,piyodani urib yuborish
41.2216,69.2234,2021-06-28 12:03:42,0,1,kun ochiq,tong,to'qnashuv
41.3372,69.3283,2020-06-27 22:00:23,0,1,,kech,piyodani urib yuborish
41.3294,69.2294,2021-06-27 23:48:49,0,1,,kech,to'qnashuv
41.3337,69.2343,2021-06-25 23:45:57,0,2,,kech,piyodani urib yuborish
41.2925,69.2509,2021-07-27 14:00:54,1,0,kun ochiq,kunduz,piyodani urib yuborish
41.2819,69.3308,2021-06-30 21:00:04,0,1,,kech,to'qnashuv
41.3613,69.1745,2021-06-25 20:21:25,0,1,,kech,to'qnashuv
41.1948,69.1955,2021-06-28 21:39:04,0,1,,kech,piyodani urib yuborish
41.2694,69.2324,2021-07-18 01:12:47,0,2,,tun,piyodani urib yuborish
41.2367,69.3414,2021-06-29 16:00:34,0,1,kun ochiq,kunduz,piyodani urib yuborish
41.294,69.1501,2021-07-28 01:45:00,1,0,,tun,turgan TVga urilish
41.3392,69.1642,2021-06-26 21:01:51,0,1,,kech,piyodani urib yuborish
41.3868,69.2784,2021-06-30 22:45:34,0,1,,kech,piyodani urib yuborish
41.2938,69.198,2021-06-21 00:45:48,0,1,,,to'qnashuv
41.32,69.2664,2021-07-26 18:00:08,0,1,kun ochiq,kunduz,piyodani urib yuborish
41.3085,69.2392,2021-07-01 21:30:14,0,1,,kech,velosipedchini urib yuborish
41.2658,69.2407,2021-07-31 16:00:33,1,0,kun ochiq,kunduz,to'qnashuv
41.3304,69.2327,2021-06-29 10:30:43,0,1,kun ochiq,tong,piyodani urib yuborish
41.2906,69.2761,2021-07-05 10:30:36,0,1,kun ochiq,tong,to'qnashuv
41.3341,69.2107,2021-06-12 09:55:49,0,1,kun ochiq,tong,piyodani urib yuborish
41.1744,69.2235,2021-07-03 11:00:27,0,1,kun ochiq,tong,piyodani urib yuborish
41.2928,69.2798,2021-07-03 20:30:58,0,1,,kech,velosipedchini urib yuborish
41.2977,69.313,2021-07-15 08:30:14,0,1,kun ochiq,tong,YTHning boshqa turlari
41.2901,69.1807,2021-07-01 08:00:07,0,1,kun ochiq,tong,piyodani urib yuborish
41.3224,69.1937,2021-06-30 17:00:04,0,1,kun ochiq,kunduz,to'qnashuv
41.3508,69.2879,2021-07-08 17:05:49,0,1,kun ochiq,kunduz,to'qnashuv
41.2818,69.3308,2021-07-09 02:35:12,0,1,,tun,to'qnashuv
41.3806,69.2056,2021-07-07 08:00:47,0,1,kun ochiq,tong,to'qnashuv
41.277,69.3422,2021-08-02 20:16:25,1,0,,kech,piyodani urib yuborish
41.3177,69.1687,2021-07-07 20:40:22,0,1,kun ochiq,kech,to'qnashuv
41.1821,69.2523,2021-07-04 15:00:02,0,1,kun ochiq,kunduz,piyodani urib yuborish
41.3544,69.1789,2021-07-06 17:18:09,0,1,kun ochiq,kunduz,piyodani urib yuborish
41.2859,69.2159,2021-07-04 00:30:10,0,1,,,to'qnashuv
41.3343,69.216,2021-07-10 11:00:57,0,1,kun ochiq,tong,piyodani urib yuborish
41.295,69.2834,2021-07-09 20:02:54,0,1,,kech,to'qnashuv
41.2673,69.1839,2021-07-07 21:30:10,0,1,kun ochiq,kech,piyodani urib yuborish
41.3113,69.2535,2021-08-04 13:00:51,1,2,kun ochiq,kunduz,to'qnashuv
41.2329,69.2074,2021-07-09 07:00:18,0,1,kun ochiq,tong,piyodani urib yuborish
41.2834,69.3494,2021-07-30 17:00:26,1,0,kun ochiq,kunduz,piyodani urib yuborish
41.3277,69.1952,2021-07-12 19:05:48,0,3,,kech,to'qnashuv
41.2602,69.3131,2021-08-06 15:30:01,1,0,kun ochiq,kunduz,piyodani urib yuborish
41.2598,69.3424,2021-07-06 08:10:07,0,1,kun ochiq,tong,to'qnashuv
41.3518,69.228,2021-07-13 23:00:25,0,1,,kech,piyodani urib yuborish
41.2683,69.2007,2021-07-09 00:15:19,0,1,,,to'qnashuv
41.2462,69.3597,2021-07-24 17:43:29,0,4,kun ochiq,kunduz,to'qnashuv
41.3379,69.2854,2021-07-11 14:22:27,0,1,kun ochiq,kunduz,turgan TVga urilish
41.3506,69.228,2021-07-13 11:30:26,0,1,kun ochiq,tong,piyodani urib yuborish
41.2352,69.2148,2021-07-11 12:00:26,0,1,kun ochiq,tong,to'qnashuv
41.2411,69.1665,2021-08-02 15:24:02,1,0,kun ochiq,kunduz,to'qnashuv
41.3042,69.309,2021-07-15 19:30:03,0,1,,kech,piyodani urib yuborish
41.2827,69.1819,2021-07-09 15:00:33,0,1,,kunduz,piyodani urib yuborish
41.3227,69.229,2021-07-10 10:30:30,0,1,kun ochiq,tong,piyodani urib yuborish
41.3427,69.2863,2021-07-11 18:16:57,0,1,kun ochiq,kunduz,piyodani urib yuborish
41.3867,69.2785,2021-07-19 14:10:00,0,1,kun ochiq,kunduz,piyodani urib yuborish
41.3215,69.285,2021-08-15 01:48:03,1,0,kun ochiq,tun,piyodani urib yuborish
41.2594,69.3413,2021-07-16 10:35:58,0,1,kun ochiq,tong,piyodani urib yuborish
41.2923,69.2091,2021-08-12 16:55:34,1,0,kun ochiq,kunduz,to'qnashuv
41.3403,69.2701,2021-07-13 14:30:39,0,1,kun ochiq,kunduz,piyodani urib yuborish
41.3113,69.2778,2021-07-04 02:40:07,0,1,kun ochiq,tun,YTHning boshqa turlari
41.2961,69.2279,2021-07-15 19:45:16,0,1,kun ochiq,kech,piyodani urib yuborish
41.2698,69.2014,2021-07-12 18:17:51,0,1,kun ochiq,kunduz,piyodani urib yuborish
41.2493,69.2643,2021-07-18 22:50:45,0,2,kun ochiq,kech,to'siqqa urilish
41.3225,69.1986,2021-08-17 14:02:48,1,0,kun ochiq,kunduz,YTHning boshqa turlari
41.2565,69.3589,2021-07-16 10:00:00,0,1,kun ochiq,tong,piyodani urib yuborish
41.2954,69.1764,2021-07-08 05:00:56,0,1,kun ochiq,tun,to'qnashuv
41.2929,69.3563,2021-08-02 14:28:38,0,1,kun ochiq,kunduz,to'qnashuv
41.2906,69.1498,2021-08-01 08:40:51,0,1,kun ochiq,tong,to'qnashuv
41.3173,69.3105,2021-07-19 11:15:09,0,1,kun ochiq,tong,to'qnashuv
41.3445,69.2295,2021-07-17 20:30:35,0,1,kun ochiq,kech,piyodani urib yuborish
41.3277,69.2135,2021-07-20 23:40:13,0,1,kun ochiq,kech,to'qnashuv
41.3154,69.279,2021-07-26 09:15:00,0,2,kun ochiq,tong,to'qnashuv
41.3276,69.3406,2021-07-26 01:30:39,0,1,kun ochiq,tun,to'qnashuv
41.1861,69.1956,2021-08-22 10:18:42,2,0,kun ochiq,tong,ag'darilish
41.3391,69.2213,2021-07-17 21:48:43,0,1,kun ochiq,kech,piyodani urib yuborish
41.2704,69.1471,2021-08-22 01:05:13,1,0,,tun,to'qnashuv
41.3355,69.2634,2021-08-08 17:00:59,1,0,kun ochiq,kunduz,velosipedchini urib yuborish
41.2435,69.2887,2021-08-19 21:40:19,0,1,kun ochiq,kech,piyodani urib yuborish
41.2156,69.2273,2021-07-02 23:42:26,0,1,kun ochiq,kech,velosipedchini urib yuborish
41.2431,69.1659,2021-08-23 22:10:49,1,0,,kech,piyodani urib yuborish
41.3334,69.3008,2021-07-24 17:17:54,0,1,kun ochiq,kunduz,piyodani urib yuborish
41.2945,69.297,2021-07-22 21:00:28,0,1,,kech,turgan TVga urilish
41.2473,69.3489,2021-08-10 14:30:10,0,1,kun ochiq,kunduz,to'qnashuv
41.2838,69.3611,2021-08-13 21:00:43,1,0,kun ochiq,kech,velosipedchini urib yuborish
41.2647,69.1669,2021-08-03 23:40:58,0,1,,kech,piyodani urib yuborish
41.2918,69.2609,2021-08-04 21:30:28,0,1,,kech,piyodani urib yuborish
41.3488,69.1657,2021-07-27 15:30:05,0,1,,kunduz,to'qnashuv
41.3015,69.2632,2021-07-23 20:15:09,0,1,kun ochiq,kech,piyodani urib yuborish
41.3395,69.2198,2021-07-24 14:00:43,0,2,kun ochiq,kunduz,to'qnashuv
41.3737,69.3224,2021-07-28 07:30:07,0,1,kun ochiq,tong,to'qnashuv
41.2634,69.316,2021-07-19 08:19:39,0,1,kun ochiq,tong,velosipedchini urib yuborish
41.2762,69.1703,2021-08-26 00:37:57,1,0,kun ochiq,,piyodani urib yuborish
41.2911,69.2001,2021-07-25 18:52:26,0,1,kun ochiq,kunduz,to'qnashuv
41.372,69.318,2021-08-06 20:21:27,0,1,kun ochiq,kech,to'qnashuv
41.3506,69.3522,2021-08-17 21:30:13,1,1,kun ochiq,kech,piyodani urib yuborish
41.2103,69.2314,2021-07-14 12:30:05,0,1,kun ochiq,tong,piyodani urib yuborish
41.2006,69.3305,2021-07-30 21:00:02,0,1,kun ochiq,kech,piyodani urib yuborish
41.3042,69.1778,2021-07-23 21:30:40,0,1,kun ochiq,kech,piyodani urib yuborish
41.1924,69.1901,2021-07-24 15:49:46,0,1,kun ochiq,kunduz,to'qnashuv
41.3696,69.2932,2021-08-29 21:00:43,1,0,kun ochiq,kech,piyodani urib yuborish
41.312,69.348,2021-08-25 20:50:15,1,0,kun ochiq,kech,piyodani urib yuborish
41.2621,69.3255,2021-08-23 17:15:09,1,0,kun ochiq,kunduz,piyodani urib yuborish
41.3139,69.2862,2021-06-27 03:05:33,0,1,kun ochiq,tun,to'qnashuv
41.285,69.2158,2021-08-28 09:25:44,1,0,kun ochiq,tong,piyodani urib yuborish
41.3327,69.2183,2021-07-20 18:15:20,0,1,kun ochiq,kunduz,to'qnashuv
41.2761,69.2025,2021-07-27 22:30:27,0,1,kun ochiq,kech,to'qnashuv
41.3147,69.1541,2021-08-29 00:17:50,1,0,kun ochiq,,to'qnashuv
41.33,69.2633,2021-07-30 19:40:02,0,2,kun ochiq,kech,to'qnashuv
41.3482,69.3168,2021-07-30 15:10:01,0,1,kun ochiq,kunduz,piyodani urib yuborish
41.3391,69.2211,2021-08-27 22:35:08,1,1,kun ochiq,kech,piyodani urib yuborish
41.2659,69.16,2021-08-02 14:30:20,0,1,kun ochiq,kunduz,piyodani urib yuborish
41.3399,69.2436,2021-07-30 11:30:51,0,1,kun ochiq,tong,piyodani urib yuborish
41.2441,69.2546,2021-08-02 20:05:15,0,1,kun ochiq,kech,piyodani urib yuborish
41.1714,69.2301,2021-08-03 19:10:47,0,1,kun ochiq,kech,to'qnashuv
41.3075,69.1939,2021-08-28 22:05:45,1,0,kun ochiq,kech,piyodani urib yuborish
41.3808,69.2184,2021-07-28 16:40:26,0,1,kun ochiq,kunduz,piyodani urib yuborish
41.3367,69.2255,2021-07-26 18:30:55,0,1,kun ochiq,kunduz,piyodani urib yuborish
41.3718,69.3105,2021-08-12 19:00:25,0,1,kun ochiq,kech,to'qnashuv
41.3028,69.1511,2021-08-03 23:55:26,0,1,kun ochiq,kech,to'qnashuv
41.2756,69.362,2021-09-02 14:15:12,1,0,kun ochiq,kunduz,piyodani urib yuborish
41.2018,69.2126,2021-08-15 12:30:39,0,1,kun ochiq,tong,piyodani urib yuborish
41.3104,69.1738,2021-08-02 16:35:19,0,2,kun ochiq,kunduz,to'qnashuv
41.2868,69.1858,2021-08-31 20:36:26,1,2,kun ochiq,kech,piyodani urib yuborish
41.2992,69.3584,2021-09-02 14:15:14,1,0,kun ochiq,kunduz,piyodani urib yuborish
41.2826,69.2125,2021-08-11 20:00:07,0,1,kun ochiq,kech,to'qnashuv
41.3422,69.2307,2021-08-16 21:51:32,0,1,kun ochiq,kech,to'qnashuv
41.2999,69.2099,2021-07-27 02:17:42,0,1,kun ochiq,tun,to'siqqa urilish
41.2059,69.2246,2021-09-07 18:29:29,1,0,kun ochiq,kunduz,piyodani urib yuborish
41.2458,69.3423,2021-05-19 10:30:28,0,1,kun ochiq,tong,piyodani urib yuborish
41.2557,69.3194,2021-08-03 19:00:28,0,1,kun ochiq,kech,piyodani urib yuborish
41.287,69.1511,2021-09-02 20:30:44,1,0,kun ochiq,kech,piyodani urib yuborish
41.2891,69.2577,2021-08-04 21:30:52,0,1,kun ochiq,kech,to'siqqa urilish
41.2188,69.2249,2021-09-10 00:43:26,0,1,kun ochiq,,piyodani urib yuborish
41.2719,69.267,2021-08-31 07:20:01,1,1,kun ochiq,tong,to'siqqa urilish
41.319,69.1565,2021-08-09 19:50:34,0,1,kun ochiq,kech,to'qnashuv
41.2861,69.1858,2021-08-07 16:00:46,0,1,kun ochiq,kunduz,piyodani urib yuborish
41.2985,69.174,2021-08-11 18:23:06,0,1,kun ochiq,kunduz,to'qnashuv
41.3821,69.2082,2021-08-28 10:05:59,1,1,kun ochiq,tong,turgan TVga urilish
41.2564,69.1924,2021-08-10 09:20:41,0,2,kun ochiq,tong,to'qnashuv
41.2988,69.2738,2021-08-11 16:30:10,0,2,kun ochiq,kunduz,to'qnashuv
41.3296,69.3466,2021-09-04 08:55:25,1,0,kun ochiq,tong,to'qnashuv
41.2549,69.1577,2021-08-13 07:20:53,0,1,kun ochiq,tong,to'qnashuv
41.2942,69.2663,2021-09-13 02:15:30,1,0,kun ochiq,tun,piyodani urib yuborish
41.3333,69.2882,2021-08-12 12:20:09,0,1,kun ochiq,tong,piyodani urib yuborish
41.2151,69.2455,2021-06-19 13:45:01,0,1,kun ochiq,kunduz,to'qnashuv
41.335,69.2633,2021-08-04 18:30:10,0,1,kun ochiq,kunduz,piyodani urib yuborish
41.3199,69.2908,2021-08-01 15:30:25,0,1,kun ochiq,kunduz,to'qnashuv
41.2391,69.3305,2021-08-28 10:19:50,0,1,kun ochiq,tong,piyodani urib yuborish
41.3343,69.3062,2021-09-07 20:27:17,1,0,kun ochiq,kech,piyodani urib yuborish
41.3154,69.1626,2021-08-19 12:00:18,0,2,kun ochiq,tong,piyodani urib yuborish
41.3283,69.3288,2021-08-11 20:45:17,0,1,kun ochiq,kech,piyodani urib yuborish
41.2372,69.3263,2021-09-11 20:50:03,1,0,kun ochiq,kech,piyodani urib yuborish
41.3504,69.2635,2021-08-25 00:05:29,0,1,kun ochiq,,piyodani urib yuborish
41.2062,69.2237,2021-08-30 12:10:30,0,1,kun ochiq,tong,piyodani urib yuborish
41.3836,69.2899,2021-07-28 16:10:30,0,2,kun ochiq,kunduz,to'qnashuv
41.2941,69.3237,2021-08-21 16:25:33,0,1,kun ochiq,kunduz,to'qnashuv
41.2829,69.2137,2021-08-15 14:30:11,0,1,kun ochiq,kunduz,to'qnashuv
41.33,69.2348,2021-08-10 22:30:00,0,1,kun ochiq,kech,to'qnashuv
41.3227,69.2096,2021-08-16 21:54:21,0,2,kun ochiq,kech,piyodani urib yuborish
41.3585,69.2136,2021-08-16 18:45:13,0,1,kun ochiq,kunduz,to'qnashuv
41.2745,69.1735,2021-08-13 10:30:59,0,1,kun ochiq,tong,turgan TVga urilish
41.1975,69.2036,2021-08-22 16:00:08,0,1,kun ochiq,kunduz,to'qnashuv
41.2098,69.2324,2021-08-15 01:15:40,0,1,kun ochiq,tun,to'siqqa urilish
41.3556,69.3107,2021-08-19 23:30:54,0,1,kun ochiq,kech,to'qnashuv
41.3339,69.2343,2021-09-19 05:31:04,1,0,kun ochiq,tun,piyodani urib yuborish
41.2931,69.1513,2021-08-17 22:17:09,0,1,kun ochiq,kech,piyodani urib yuborish
41.3277,69.3403,2021-08-17 19:10:50,1,0,kun ochiq,kech,piyodani urib yuborish
41.3361,69.277,2021-09-06 23:50:13,0,1,kun ochiq,kech,piyodani urib yuborish
41.244,69.3532,2021-08-01 20:15:42,0,1,kun ochiq,kech,piyodani urib yuborish
41.3508,69.264,2021-09-22 14:20:10,2,0,kun ochiq,kunduz,piyodani urib yuborish
41.3781,69.2888,2021-08-30 16:30:19,0,1,kun ochiq,kunduz,piyodani urib yuborish
41.3035,69.1711,2021-06-23 18:00:48,0,1,kun ochiq,kunduz,piyodani urib yuborish
41.2995,69.2904,2021-08-22 00:40:39,0,1,kun ochiq,,piyodani urib yuborish
41.2441,69.328,2021-08-22 17:54:58,0,2,kun ochiq,kunduz,to'qnashuv
41.2569,69.1941,2021-09-12 16:20:22,0,1,kun ochiq,kunduz,piyodani urib yuborish
41.2935,69.3558,2021-09-08 09:15:49,0,2,kun ochiq,tong,piyodani urib yuborish
41.3172,69.2416,2021-08-20 11:30:10,0,1,kun ochiq,tong,piyodani urib yuborish
41.2123,69.1917,2021-09-20 08:27:18,1,1,kun ochiq,tong,piyodani urib yuborish
41.3395,69.2205,2021-08-24 16:35:34,0,1,kun ochiq,kunduz,to'siqqa urilish
41.2186,69.2252,2021-08-21 13:15:59,1,0,kun ochiq,kunduz,piyodani urib yuborish
41.2378,69.3278,2021-08-19 03:15:52,0,1,kun ochiq,tun,to'siqqa urilish
41.2671,69.1842,2021-08-20 23:50:28,0,2,kun ochiq,kech,to'qnashuv
41.3204,69.1755,2021-09-01 12:39:14,0,1,kun ochiq,tong,piyodani urib yuborish
41.2918,69.2113,2021-08-31 10:24:29,0,1,kun ochiq,tong,piyodani urib yuborish
41.3266,69.2287,2021-09-11 09:10:25,0,1,kun ochiq,tong,piyodani urib yuborish
41.2681,69.2908,2021-08-24 17:30:20,0,1,kun ochiq,kunduz,piyodani urib yuborish
41.2677,69.294,2021-08-21 01:00:51,0,1,kun ochiq,tun,to'siqqa urilish
41.3872,69.2782,2021-08-15 09:05:35,0,1,kun ochiq,tong,to'qnashuv
41.2921,69.1947,2021-08-21 14:15:30,0,1,kun ochiq,kunduz,to'qnashuv
41.3167,69.3379,2021-08-23 14:40:02,0,1,kun ochiq,kunduz,to'qnashuv
41.2835,69.1908,2021-09-19 00:00:29,0,1,kun ochiq,,piyodani urib yuborish
41.3148,69.2957,2021-09-28 23:32:24,0,1,kun ochiq,kech,piyodani urib yuborish
41.3101,69.2404,2021-08-17 22:05:43,0,1,kun ochiq,kech,to'qnashuv
41.2964,69.2165,2021-08-24 00:55:24,0,1,kun ochiq,,to'qnashuv
41.3298,69.2634,2021-08-27 15:20:50,0,1,kun ochiq,kunduz,piyodani urib yuborish
41.2364,69.332,2021-08-29 05:55:43,0,1,kun ochiq,tun,piyodani urib yuborish
41.2495,69.367,2021-09-06 15:00:17,0,1,kun ochiq,kunduz,piyodani urib yuborish
41.2091,69.2656,2021-08-22 20:00:42,0,1,kun ochiq,kech,piyodani urib yuborish
41.3326,69.2935,2021-08-30 17:40:00,0,1,kun ochiq,kunduz,piyodani urib yuborish
41.2754,69.2038,2021-09-22 10:17:01,0,1,kun ochiq,tong,to'qnashuv
41.2949,69.2504,2021-09-01 10:45:34,0,1,kun ochiq,tong,to'qnashuv
41.2936,69.198,2021-08-26 23:00:26,0,1,kun ochiq,kech,to'qnashuv
41.2379,69.3299,2021-09-29 23:50:32,1,1,kun ochiq,kech,to'siqqa urilish
41.3457,69.3117,2021-08-19 02:10:57,1,0,kun ochiq,tun,piyodani urib yuborish
41.3453,69.2067,2021-08-31 13:00:48,0,1,kun ochiq,kunduz,piyodani urib yuborish
41.2962,69.2165,2021-09-01 18:05:43,0,1,kun ochiq,kunduz,piyodani urib yuborish
41.2823,69.1926,2021-08-24 22:00:19,0,1,kun ochiq,kech,YTHning boshqa turlari
41.2951,69.2833,2021-09-01 12:27:32,0,1,kun ochiq,tong,to'qnashuv
41.3298,69.1875,2021-08-15 20:21:58,0,2,kun ochiq,kech,piyodani urib yuborish
41.2421,69.1712,2021-08-28 13:00:16,0,1,kun ochiq,kunduz,YTHning boshqa turlari
41.3555,69.3105,2021-09-13 21:59:25,0,2,kun ochiq,kech,to'qnashuv
41.3665,69.2714,2021-08-28 22:00:47,0,1,kun ochiq,kech,to'qnashuv
41.2717,69.3304,2021-09-30 07:45:13,1,0,kun ochiq,tong,YTHning boshqa turlari
41.2641,69.2046,2021-11-08 13:57:06,0,1,kun ochiq,kunduz,piyodani urib yuborish
41.2899,69.2754,2021-11-03 15:35:30,0,1,kun ochiq,kunduz,piyodani urib yuborish
41.3268,69.3344,2021-11-02 22:55:07,0,1,kun ochiq,kech,piyodani urib yuborish
41.2524,69.2873,2021-10-28 21:25:58,0,1,kun ochiq,kech,piyodani urib yuborish
41.2366,69.212,2021-11-16 11:55:23,1,0,kun ochiq,tong,to'qnashuv
41.3552,69.3093,2021-11-04 12:15:00,0,1,kun ochiq,tong,piyodani urib yuborish
41.2852,69.3246,2021-11-23 13:35:40,0,2,kun ochiq,kunduz,to'qnashuv
41.3078,69.2746,2021-12-03 19:12:41,1,1,kun ochiq,kech,to'qnashuv
41.3818,69.2087,2021-12-03 19:12:41,0,1,kun ochiq,kech,to'qnashuv
41.3402,69.3712,2021-11-10 13:45:34,0,1,kun ochiq,kunduz,piyodani urib yuborish
41.2365,69.2111,2021-11-04 18:35:40,0,2,kun ochiq,kunduz,piyodani urib yuborish
41.2337,69.2094,2021-11-14 18:40:57,0,1,kun ochiq,kunduz,to'qnashuv
41.3637,69.2993,2021-11-09 23:26:35,0,4,kun ochiq,kech,to'qnashuv
41.3643,69.2284,2021-11-24 15:21:52,1,0,kun ochiq,kunduz,piyodani urib yuborish
41.3414,69.2319,2021-11-22 07:39:37,0,1,kun ochiq,tong,to'qnashuv
41.3863,69.27,2021-11-17 12:52:46,0,1,kun ochiq,tong,piyodani urib yuborish
41.2574,69.155,2021-11-07 07:35:03,0,1,kun ochiq,tong,piyodani urib yuborish
41.3632,69.1821,2021-10-31 07:25:50,0,1,kun ochiq,tong,to'qnashuv
41.2468,69.2357,2021-12-04 07:30:38,1,1,kun ochiq,tong,to'qnashuv
41.3534,69.2138,2021-11-01 22:10:34,0,1,kun ochiq,kech,piyodani urib yuborish
41.3008,69.1527,2021-12-15 09:55:18,0,1,kun ochiq,tong,piyodani urib yuborish
41.3564,69.2198,2021-12-17 08:30:13,0,1,kun ochiq,tong,piyodani urib yuborish
41.2891,69.1866,2021-12-16 09:15:58,0,1,kun ochiq,tong,piyodani urib yuborish
41.2926,69.2523,2021-12-10 20:55:02,0,1,kun ochiq,kech,piyodani urib yuborish
41.2988,69.2977,2021-11-14 23:00:15,0,2,kun ochiq,kech,to'qnashuv
41.2806,69.3308,2021-11-08 10:24:14,0,1,kun ochiq,tong,piyodani urib yuborish
41.2916,69.3268,2021-11-07 20:00:48,0,2,kun ochiq,kech,to'qnashuv
41.3844,69.3128,2021-11-04 16:35:26,0,0,kun ochiq,kunduz,piyodani urib yuborish
41.2761,69.182,2021-11-20 13:17:16,0,3,kun ochiq,kunduz,to'qnashuv
41.2752,69.2998,2021-11-07 22:15:07,0,1,kun ochiq,kech,to'qnashuv
41.2987,69.2214,2021-12-20 18:04:32,0,1,kun ochiq,kunduz,piyodani urib yuborish
41.2974,69.2127,2021-12-06 16:45:11,0,1,kun ochiq,kunduz,piyodani urib yuborish
41.3583,69.2097,2021-12-13 17:30:32,0,1,kun ochiq,kunduz,piyodani urib yuborish
41.2694,69.3146,2021-12-18 13:55:31,0,1,kun ochiq,kunduz,piyodani urib yuborish
41.3018,69.1737,2021-11-14 23:50:50,0,1,kun ochiq,kech,piyodani urib yuborish
41.3345,69.3457,2021-11-16 17:55:00,0,2,kun ochiq,kunduz,to'qnashuv
41.2464,69.328,2021-11-15 11:56:37,0,2,kun ochiq,tong,to'qnashuv
41.2718,69.2037,2021-11-09 19:57:13,0,1,kun ochiq,kech,piyodani urib yuborish
41.2889,69.2214,2021-11-17 19:00:58,0,1,kun ochiq,kech,piyodani urib yuborish
41.3548,69.3061,2021-11-22 15:20:53,0,1,kun ochiq,kunduz,piyodani urib yuborish
41.2829,69.3419,2021-10-25 23:41:19,0,1,kun ochiq,kech,piyodani urib yuborish
41.2692,69.2955,2021-11-18 18:51:44,0,2,kun ochiq,kunduz,to'qnashuv
41.3234,69.3634,2021-12-11 19:32:33,1,4,kun ochiq,kech,to'qnashuv
41.2741,69.3115,2021-11-19 23:05:19,0,3,kun ochiq,kech,to'qnashuv
41.2612,69.1862,2021-11-25 15:45:29,0,1,kun ochiq,kunduz,to'qnashuv
41.2793,69.1876,2021-11-17 09:20:50,0,1,kun ochiq,tong,piyodani urib yuborish
41.3623,69.2898,2021-11-30 18:35:32,0,1,kun ochiq,kunduz,piyodani urib yuborish
41.2949,69.3154,2021-11-27 12:55:53,0,1,kun ochiq,tong,YTHning boshqa turlari
41.3346,69.2136,2021-11-14 23:05:54,0,2,kun ochiq,kech,piyodani urib yuborish
41.3753,69.2888,2021-11-20 13:51:25,0,1,kun ochiq,kunduz,piyodani urib yuborish
41.204,69.2175,2021-12-11 20:50:55,1,0,kun ochiq,kech,piyodani urib yuborish
41.335,69.2576,2021-11-16 15:10:10,0,1,kun ochiq,kunduz,piyodani urib yuborish
41.2631,69.1816,2021-12-11 06:35:51,1,0,kun ochiq,tun,to'siqqa urilish
41.3563,69.2894,2021-11-11 16:55:36,0,1,kun ochiq,kunduz,piyodani urib yuborish
41.2239,69.2123,2021-11-18 18:19:23,0,1,kun ochiq,kunduz,to'qnashuv
41.2873,69.2557,2021-11-22 18:00:04,0,1,kun ochiq,kunduz,turgan TVga urilish
41.3396,69.286,2021-12-03 17:18:44,0,1,kun ochiq,kunduz,piyodani urib yuborish
41.336,69.354,2021-11-26 21:25:55,0,1,kun ochiq,kech,piyodani urib yuborish
41.3269,69.2842,2021-12-10 19:30:18,1,0,kun ochiq,kech,piyodani urib yuborish
41.3428,69.3314,2021-11-25 13:25:14,0,1,kun ochiq,kunduz,piyodani urib yuborish
41.3,69.1519,2021-11-14 11:30:21,0,1,kun ochiq,tong,piyodani urib yuborish
41.3384,69.3387,2021-11-17 05:25:40,0,1,kun ochiq,tun,to'qnashuv
41.3733,69.308,2021-11-30 09:23:48,0,1,kun ochiq,tong,piyodani urib yuborish
41.2946,69.2505,2021-09-11 10:45:09,0,0,,tong,piyodani urib yuborish
41.3284,69.2146,2021-12-13 18:25:51,1,0,kun ochiq,kunduz,piyodani urib yuborish
41.2742,69.1944,2021-11-18 12:27:00,0,4,kun ochiq,tong,to'qnashuv
41.2966,69.1799,2021-11-18 20:10:09,0,1,kun ochiq,kech,piyodani urib yuborish
41.3482,69.1657,2021-11-17 15:15:29,0,1,kun ochiq,kunduz,to'qnashuv
41.3278,69.2141,2021-11-21 22:55:06,0,2,kun ochiq,kech,to'qnashuv
41.3291,69.3508,2021-11-19 07:30:48,0,1,kun ochiq,tong,to'siqqa urilish
41.2598,69.1795,2021-12-05 10:30:04,0,1,kun ochiq,tong,piyodani urib yuborish
41.3651,69.2252,2021-12-01 14:00:04,0,1,kun ochiq,kunduz,piyodani urib yuborish
41.3383,69.2866,2021-11-30 19:47:56,0,1,kun ochiq,kech,piyodani urib yuborish
41.2956,69.3142,2021-11-15 16:37:23,0,1,kun ochiq,kunduz,piyodani urib yuborish
41.3241,69.3134,2021-11-25 19:10:38,0,3,kun ochiq,kech,to'qnashuv
41.3804,69.3202,2021-11-24 12:51:16,0,1,kun ochiq,tong,piyodani urib yuborish
41.2387,69.3311,2021-11-24 12:26:25,0,1,kun ochiq,tong,piyodani urib yuborish
41.2731,69.3108,2021-12-02 22:41:17,0,1,kun ochiq,kech,to'qnashuv
41.2037,69.217,2021-12-16 22:10:13,1,0,kun ochiq,kech,piyodani urib yuborish
41.2471,69.3259,2021-11-25 11:20:34,0,1,kun ochiq,tong,piyodani urib yuborish
41.3297,69.3732,2021-12-07 10:50:10,0,2,kun ochiq,tong,to'qnashuv
41.3842,69.3107,2021-12-03 18:10:18,0,1,kun ochiq,kunduz,piyodani urib yuborish
41.3516,69.3325,2021-08-19 01:30:44,1,0,,tun,piyodani urib yuborish
41.345,69.3867,2021-08-30 17:40:35,0,1,,kunduz,piyodani urib yuborish
41.2771,69.2007,2021-09-22 10:17:35,0,1,,tong,to'qnashuv
41.2946,69.2505,2021-09-11 10:45:18,0,1,,tong,piyodani urib yuborish
41.2511,69.1643,2021-11-23 08:44:02,0,1,kun ochiq,tong,piyodani urib yuborish
41.3484,69.3163,2021-11-30 17:00:03,0,1,kun ochiq,kunduz,piyodani urib yuborish
41.2235,69.2138,2021-12-10 10:50:19,0,1,kun ochiq,tong,piyodani urib yuborish
41.3156,69.3534,2021-11-23 15:32:54,0,2,kun ochiq,kunduz,to'qnashuv
41.2575,69.1945,2021-12-18 08:00:57,0,1,kun ochiq,tong,piyodani urib yuborish
41.3719,69.2962,2021-12-06 09:57:46,0,1,kun ochiq,tong,to'qnashuv
41.3709,69.2251,2021-12-01 12:25:55,0,1,kun ochiq,tong,piyodani urib yuborish
41.2864,69.2169,2021-12-01 16:35:12,0,1,kun ochiq,kunduz,to'qnashuv
41.3298,69.2159,2021-12-06 14:52:08,0,1,kun ochiq,kunduz,piyodani urib yuborish
41.2893,69.1877,2021-11-24 11:20:50,0,1,kun ochiq,tong,piyodani urib yuborish
41.3654,69.2312,2021-12-14 18:00:02,0,1,kun ochiq,kunduz,piyodani urib yuborish
41.2445,69.2742,2021-09-29 22:45:00,1,1,,kech,YTHning boshqa turlari
41.2035,69.2181,2021-12-02 20:40:50,0,1,kun ochiq,kech,to'qnashuv
41.3328,69.2361,2021-11-27 12:35:35,0,1,kun ochiq,tong,piyodani urib yuborish
41.3516,69.3325,2021-08-19 01:30:22,1,0,,tun,piyodani urib yuborish
41.3198,69.3415,2021-12-21 11:50:14,1,2,kun ochiq,tong,to'qnashuv
41.3679,69.2252,2021-12-04 13:41:14,0,1,kun ochiq,kunduz,piyodani urib yuborish
41.2575,69.1947,2021-12-01 20:25:27,0,1,kun ochiq,kech,piyodani urib yuborish
41.3685,69.3066,2021-11-30 08:40:24,0,1,kun ochiq,tong,piyodani urib yuborish
41.3374,69.2258,2021-05-25 22:00:13,0,1,kun ochiq,kech,to'qnashuv
41.2285,69.2034,2021-12-01 17:42:48,0,1,kun ochiq,kunduz,piyodani urib yuborish
41.2866,69.3327,2021-12-13 19:40:29,0,1,kun ochiq,kech,piyodani urib yuborish
41.2653,69.1994,2021-12-06 19:39:25,0,1,kun ochiq,kech,piyodani urib yuborish
41.26,69.18,2021-12-13 10:45:16,0,1,kun ochiq,tong,to'qnashuv
41.2822,69.3284,2021-12-14 11:32:07,0,1,kun ochiq,tong,to'qnashuv
41.3605,69.3376,2021-12-16 20:45:47,0,1,kun ochiq,kech,piyodani urib yuborish
41.3384,69.3597,2021-11-27 10:55:12,0,1,kun ochiq,tong,to'qnashuv
41.328,69.2201,2021-12-15 16:02:36,0,1,kun ochiq,kunduz,piyodani urib yuborish
41.3434,69.23,2021-12-10 20:55:42,0,1,kun ochiq,kech,piyodani urib yuborish
41.3372,69.2106,2021-08-31 12:30:19,0,1,,tong,to'qnashuv
41.2996,69.2113,2021-09-01 17:30:40,0,1,,kunduz,piyodani urib yuborish
41.2865,69.2057,2021-08-26 22:00:43,0,1,,kech,to'qnashuv
41.2241,69.2119,2021-12-12 12:05:08,0,1,kun ochiq,tong,piyodani urib yuborish
41.3461,69.2043,2021-12-07 08:25:00,0,1,kun ochiq,tong,piyodani urib yuborish
41.3776,69.2889,2021-12-04 12:10:28,0,1,kun ochiq,tong,piyodani urib yuborish
41.3499,69.2309,2021-11-27 18:44:57,0,1,kun ochiq,kunduz,piyodani urib yuborish
41.3566,69.2171,2021-12-13 17:30:38,0,1,kun ochiq,kunduz,piyodani urib yuborish
41.2844,69.3051,2021-12-18 13:55:52,0,1,kun ochiq,kunduz,piyodani urib yuborish
41.2993,69.1514,2021-12-15 09:55:59,0,1,kun ochiq,tong,piyodani urib yuborish
41.3553,69.2205,2021-12-17 08:30:03,0,0,kun ochiq,tong,velosipedchini urib yuborish
41.2836,69.1852,2021-12-16 09:15:10,0,1,kun ochiq,tong,piyodani urib yuborish
41.271,69.2303,2021-12-10 20:55:29,0,1,kun ochiq,kech,piyodani urib yuborish
41.3729,69.3093,2021-12-10 21:50:23,0,1,kun ochiq,kech,piyodani urib yuborish
41.2881,69.2525,2021-11-26 12:20:52,0,1,kun ochiq,tong,piyodani urib yuborish
41.2443,69.291,2021-12-16 23:55:52,0,1,kun ochiq,kech,to'siqqa urilish
41.3279,69.3433,2021-12-23 17:29:23,0,1,kun ochiq,kunduz,to'qnashuv
41.2824,69.2017,2021-11-23 12:56:03,0,1,kun ochiq,tong,to'qnashuv
41.3299,69.3288,2021-12-23 13:11:13,0,1,kun ochiq,kunduz,piyodani urib yuborish
41.3405,69.2148,2021-12-23 10:03:08,0,1,kun ochiq,tong,to'qnashuv
41.3767,69.2886,2021-12-19 23:05:50,0,1,kun ochiq,kech,to'qnashuv
41.3763,69.2888,2021-12-10 19:00:49,0,1,kun ochiq,kech,piyodani urib yuborish
41.2916,69.2241,2021-12-06 16:45:32,0,1,kun ochiq,kunduz,piyodani urib yuborish
41.2917,69.3392,2021-12-23 21:20:54,0,1,kun ochiq,kech,piyodani urib yuborish
41.2436,69.2898,2021-12-22 21:00:08,0,1,kun ochiq,kech,piyodani urib yuborish
41.3636,69.2255,2021-12-27 15:25:24,0,1,kun ochiq,kunduz,piyodani urib yuborish
41.2788,69.2739,2021-12-26 11:25:10,0,2,kun ochiq,tong,to'qnashuv
41.3349,69.353,2021-12-25 21:35:44,0,2,kun ochiq,kech,to'qnashuv
41.2038,69.2173,2021-12-23 10:03:38,0,1,kun ochiq,tong,piyodani urib yuborish
41.3735,69.1942,2021-12-24 17:55:54,0,1,kun ochiq,kunduz,piyodani urib yuborish
41.2874,69.2559,2021-12-23 05:15:28,0,1,kun ochiq,tun,to'siqqa urilish
41.2835,69.21,2021-12-23 17:13:46,0,1,kun ochiq,kunduz,piyodani urib yuborish
41.2654,69.1837,2021-12-27 20:37:30,0,1,kun ochiq,kech,piyodani urib yuborish
41.3214,69.3442,2021-12-19 19:22:31,0,1,kun ochiq,kech,piyodani urib yuborish
41.2247,69.2115,2021-12-19 12:25:12,0,1,kun ochiq,tong,piyodani urib yuborish
41.2811,69.2002,2021-12-27 19:25:39,0,1,kun ochiq,kech,piyodani urib yuborish
41.2803,69.2154,2021-12-23 19:30:26,0,1,kun ochiq,kech,piyodani urib yuborish
41.2239,69.212,2021-12-26 19:15:27,0,1,kun ochiq,kech,piyodani urib yuborish
41.2241,69.2124,2021-12-29 15:25:04,1,0,kun ochiq,kunduz,piyodani urib yuborish
41.3171,69.2934,2021-12-20 08:49:26,0,1,kun ochiq,tong,to'qnashuv
41.2754,69.3135,2021-12-18 11:31:45,0,1,kun ochiq,tong,to'qnashuv
41.2952,69.3404,2021-12-23 11:30:20,0,1,kun ochiq,tong,piyodani urib yuborish
41.3048,69.3287,2021-12-22 16:15:48,0,1,kun ochiq,kunduz,piyodani urib yuborish
41.3674,69.1876,2021-12-28 18:00:18,0,1,kun ochiq,kunduz,to'qnashuv
41.2434,69.3421,2021-12-25 16:15:37,0,1,kun ochiq,kunduz,piyodani urib yuborish
41.329,69.3475,2021-12-28 18:15:05,0,1,kun ochiq,kunduz,piyodani urib yuborish
41.2289,69.2033,2021-12-30 22:00:39,1,0,kun ochiq,kech,to'qnashuv
41.3449,69.3479,2021-12-26 11:23:24,0,1,kun ochiq,tong,piyodani urib yuborish
41.2889,69.3016,2021-12-28 08:40:59,0,3,kun ochiq,tong,to'qnashuv
41.2908,69.1765,2021-12-07 19:35:51,0,1,kun ochiq,kech,piyodani urib yuborish
41.2415,69.3504,2021-12-27 12:55:20,0,1,kun ochiq,tong,piyodani urib yuborish
41.2849,69.3044,2021-12-24 19:27:40,0,1,kun ochiq,kech,to'qnashuv
41.2731,69.3099,2021-11-23 12:43:11,0,1,kun ochiq,tong,piyodani urib yuborish
41.2794,69.2995,2021-12-29 17:33:07,0,1,kun ochiq,kunduz,to'qnashuv
41.3729,69.1928,2021-12-18 07:15:38,0,1,kun ochiq,tong,piyodani urib yuborish
41.2453,69.2748,2021-12-31 14:35:38,0,3,kun ochiq,kunduz,to'qnashuv
41.2029,69.2182,2021-12-31 14:00:47,0,1,kun ochiq,kunduz,piyodani urib yuborish
41.2902,69.3109,2021-12-31 10:55:24,0,1,kun ochiq,tong,piyodani urib yuborish
41.2818,69.2179,2021-12-27 19:52:45,0,2,kun ochiq,kech,to'qnashuv
41.2889,69.2201,2021-12-30 10:55:08,0,1,kun ochiq,tong,piyodani urib yuborish
41.2647,69.2079,2021-12-28 17:35:17,0,1,kun ochiq,kunduz,to'qnashuv
41.2439,69.2673,2021-12-25 22:00:39,0,1,kun ochiq,kech,piyodani urib yuborish
41.2867,69.186,2022-01-09 09:30:07,1,2,kun ochiq,tong,piyodani urib yuborish
41.3552,69.2455,2022-01-08 20:10:55,1,0,kun ochiq,kech,piyodani urib yuborish
41.2202,69.333,2022-01-05 21:00:12,1,0,kun ochiq,kech,piyodani urib yuborish
41.3076,69.3525,2022-01-03 17:15:10,0,7,kun ochiq,kunduz,to'qnashuv
41.2673,69.3144,2022-01-02 16:50:24,1,0,kun ochiq,kunduz,piyodani urib yuborish
41.3458,69.2059,2021-12-31 20:50:11,0,1,kun ochiq,kech,piyodani urib yuborish
41.2211,69.2093,2021-12-31 20:10:38,0,1,kun ochiq,kech,piyodani urib yuborish
41.3821,69.2076,2021-12-18 07:15:42,0,1,kun ochiq,tong,piyodani urib yuborish
41.3691,69.3262,2022-01-16 23:43:12,1,1,kun ochiq,kech,to'siqqa urilish
41.2744,69.3556,2022-01-16 03:20:59,1,0,kun ochiq,tun,to'siqqa urilish
41.329,69.3548,2022-01-02 14:27:02,0,2,kun ochiq,kunduz,to'qnashuv
41.2377,69.3297,2022-01-01 18:26:36,1,0,kun ochiq,kunduz,piyodani urib yuborish
41.3265,69.2452,2022-01-10 08:25:59,1,0,kun ochiq,tong,piyodani urib yuborish
41.2152,69.2615,2022-01-21 19:55:54,1,1,kun ochiq,kech,YTHning boshqa turlari
41.3272,69.2641,2022-01-01 01:25:22,0,1,kun ochiq,tun,piyodani urib yuborish
41.3251,69.2955,2022-01-06 21:40:34,0,1,kun ochiq,kech,piyodani urib yuborish
41.3148,69.1541,2022-01-14 06:50:21,0,1,kun ochiq,tun,to'qnashuv
41.183,69.2532,2022-01-10 16:20:17,0,1,kun ochiq,kunduz,piyodani urib yuborish
41.2698,69.2457,2022-01-07 09:20:15,0,1,kun ochiq,tong,YTHning boshqa turlari
41.3503,69.3225,2022-01-07 22:20:35,0,1,kun ochiq,kech,piyodani urib yuborish
41.2385,69.1677,2022-01-16 07:40:37,1,0,kun ochiq,tong,piyodani urib yuborish
41.3397,69.2857,2022-01-30 05:40:00,1,2,kun ochiq,tun,to'qnashuv
41.2837,69.2092,2022-01-19 21:01:21,0,1,kun ochiq,kech,piyodani urib yuborish
41.3289,69.3295,2022-01-16 21:19:06,0,2,kun ochiq,kech,piyodani urib yuborish
41.3724,69.2871,2022-01-12 10:55:18,0,1,kun ochiq,tong,YTHning boshqa turlari
41.2716,69.2289,2022-01-03 18:30:46,0,1,kun ochiq,kunduz,piyodani urib yuborish
41.3901,69.2718,2022-01-12 19:45:46,0,1,kun ochiq,kech,piyodani urib yuborish
41.3588,69.3609,2022-01-04 22:30:17,0,1,kun ochiq,kech,piyodani urib yuborish
41.2816,69.1806,2022-01-02 16:30:27,0,1,kun ochiq,kunduz,to'qnashuv
41.2715,69.1773,2022-01-01 03:10:01,0,1,kun ochiq,tun,to'qnashuv
41.2887,69.2288,2022-01-12 17:30:17,0,1,kun ochiq,kunduz,to'qnashuv
41.2693,69.1652,2022-01-17 13:24:26,0,1,kun ochiq,kunduz,piyodani urib yuborish
41.3605,69.2039,2022-01-31 03:45:58,1,0,kun ochiq,tun,to'siqqa urilish
41.2913,69.3576,2022-01-05 11:06:21,0,1,kun ochiq,tong,piyodani urib yuborish
41.3745,69.2245,2022-01-04 20:50:13,0,1,kun ochiq,kech,piyodani urib yuborish
41.3343,69.2154,2022-02-07 10:58:39,0,1,kun ochiq,tong,piyodani urib yuborish
41.3343,69.2154,2022-02-07 10:58:39,0,1,kun ochiq,tong,piyodani urib yuborish
